interval_start,interval_end,weather_hour,quarter_index,temperature_2m (°C),relative_humidity_2m (%),dew_point_2m (°C),cloud_cover (%),wind_speed_10m (km/h),wind_gusts_10m (km/h),rain (mm),snowfall (cm),precipitation (mm),shortwave_radiation (W/m²),direct_radiation (W/m²),pressure_msl (hPa),diffuse_radiation (W/m²)
3/30/2026 0:00,3/30/2026 0:15,3/30/2026 0:00,0,0.6,89,-1,97,10,20.2,0,0,0,0,0,1027.8,0
3/30/2026 0:15,3/30/2026 0:30,3/30/2026 0:00,1,0.6,89,-1,97,10,20.2,0,0,0,0,0,1027.8,0
3/30/2026 0:30,3/30/2026 0:45,3/30/2026 0:00,2,0.6,89,-1,97,10,20.2,0,0,0,0,0,1027.8,0
3/30/2026 0:45,3/30/2026 1:00,3/30/2026 0:00,3,0.6,89,-1,97,10,20.2,0,0,0,0,0,1027.8,0
3/30/2026 1:00,3/30/2026 1:15,3/30/2026 1:00,0,0.3,89,-1.4,98,9.5,19.1,0,0,0,0,0,1026.6,0
3/30/2026 1:15,3/30/2026 1:30,3/30/2026 1:00,1,0.3,89,-1.4,98,9.5,19.1,0,0,0,0,0,1026.6,0
3/30/2026 1:30,3/30/2026 1:45,3/30/2026 1:00,2,0.3,89,-1.4,98,9.5,19.1,0,0,0,0,0,1026.6,0
3/30/2026 1:45,3/30/2026 2:00,3/30/2026 1:00,3,0.3,89,-1.4,98,9.5,19.1,0,0,0,0,0,1026.6,0
3/30/2026 2:00,3/30/2026 2:15,3/30/2026 2:00,0,1.2,87,-0.6,100,9.3,20.2,0,0,0,0,0,1026.5,0
3/30/2026 2:15,3/30/2026 2:30,3/30/2026 2:00,1,1.2,87,-0.6,100,9.3,20.2,0,0,0,0,0,1026.5,0
3/30/2026 2:30,3/30/2026 2:45,3/30/2026 2:00,2,1.2,87,-0.6,100,9.3,20.2,0,0,0,0,0,1026.5,0
3/30/2026 2:45,3/30/2026 3:00,3/30/2026 2:00,3,1.2,87,-0.6,100,9.3,20.2,0,0,0,0,0,1026.5,0
3/30/2026 3:00,3/30/2026 3:15,3/30/2026 3:00,0,1.4,86,-0.8,99,10.1,20.2,0,0,0,0,0,1025.3,0
3/30/2026 3:15,3/30/2026 3:30,3/30/2026 3:00,1,1.4,86,-0.8,99,10.1,20.2,0,0,0,0,0,1025.3,0
3/30/2026 3:30,3/30/2026 3:45,3/30/2026 3:00,2,1.4,86,-0.8,99,10.1,20.2,0,0,0,0,0,1025.3,0
3/30/2026 3:45,3/30/2026 4:00,3/30/2026 3:00,3,1.4,86,-0.8,99,10.1,20.2,0,0,0,0,0,1025.3,0
3/30/2026 4:00,3/30/2026 4:15,3/30/2026 4:00,0,1.5,84,-0.9,100,10.6,21.2,0,0,0,0,0,1024.5,0
3/30/2026 4:15,3/30/2026 4:30,3/30/2026 4:00,1,1.5,84,-0.9,100,10.6,21.2,0,0,0,0,0,1024.5,0
3/30/2026 4:30,3/30/2026 4:45,3/30/2026 4:00,2,1.5,84,-0.9,100,10.6,21.2,0,0,0,0,0,1024.5,0
3/30/2026 4:45,3/30/2026 5:00,3/30/2026 4:00,3,1.5,84,-0.9,100,10.6,21.2,0,0,0,0,0,1024.5,0
3/30/2026 5:00,3/30/2026 5:15,3/30/2026 5:00,0,1.6,81,-1.3,100,11.9,24.5,0,0,0,0,0,1023.6,0
3/30/2026 5:15,3/30/2026 5:30,3/30/2026 5:00,1,1.6,81,-1.3,100,11.9,24.5,0,0,0,0,0,1023.6,0
3/30/2026 5:30,3/30/2026 5:45,3/30/2026 5:00,2,1.6,81,-1.3,100,11.9,24.5,0,0,0,0,0,1023.6,0
3/30/2026 5:45,3/30/2026 6:00,3/30/2026 5:00,3,1.6,81,-1.3,100,11.9,24.5,0,0,0,0,0,1023.6,0
3/30/2026 6:00,3/30/2026 6:15,3/30/2026 6:00,0,2,78,-1.5,100,13.9,28.8,0,0,0,0,0,1022.6,0
3/30/2026 6:15,3/30/2026 6:30,3/30/2026 6:00,1,2,78,-1.5,100,13.9,28.8,0,0,0,0,0,1022.6,0
3/30/2026 6:30,3/30/2026 6:45,3/30/2026 6:00,2,2,78,-1.5,100,13.9,28.8,0,0,0,0,0,1022.6,0
3/30/2026 6:45,3/30/2026 7:00,3/30/2026 6:00,3,2,78,-1.5,100,13.9,28.8,0,0,0,0,0,1022.6,0
3/30/2026 7:00,3/30/2026 7:15,3/30/2026 7:00,0,2.1,77,-1.6,100,17.2,36.4,0.1,0,0.1,0,0,1021.9,0
3/30/2026 7:15,3/30/2026 7:30,3/30/2026 7:00,1,2.1,77,-1.6,100,17.2,36.4,0.1,0,0.1,0,0,1021.9,0
3/30/2026 7:30,3/30/2026 7:45,3/30/2026 7:00,2,2.1,77,-1.6,100,17.2,36.4,0.1,0,0.1,0,0,1021.9,0
3/30/2026 7:45,3/30/2026 8:00,3/30/2026 7:00,3,2.1,77,-1.6,100,17.2,36.4,0.1,0,0.1,0,0,1021.9,0
3/30/2026 8:00,3/30/2026 8:15,3/30/2026 8:00,0,2.2,78,-1.2,100,19.9,40,0.1,0.07,0.2,12,0,1021.3,12
3/30/2026 8:15,3/30/2026 8:30,3/30/2026 8:00,1,2.2,78,-1.2,100,19.9,40,0.1,0.07,0.2,12,0,1021.3,12
3/30/2026 8:30,3/30/2026 8:45,3/30/2026 8:00,2,2.2,78,-1.2,100,19.9,40,0.1,0.07,0.2,12,0,1021.3,12
3/30/2026 8:45,3/30/2026 9:00,3/30/2026 8:00,3,2.2,78,-1.2,100,19.9,40,0.1,0.07,0.2,12,0,1021.3,12
3/30/2026 9:00,3/30/2026 9:15,3/30/2026 9:00,0,3,71,-1.8,100,24.1,50,0.1,0,0.1,86,10,1020,76
3/30/2026 9:15,3/30/2026 9:30,3/30/2026 9:00,1,3,71,-1.8,100,24.1,50,0.1,0,0.1,86,10,1020,76
3/30/2026 9:30,3/30/2026 9:45,3/30/2026 9:00,2,3,71,-1.8,100,24.1,50,0.1,0,0.1,86,10,1020,76
3/30/2026 9:45,3/30/2026 10:00,3/30/2026 9:00,3,3,71,-1.8,100,24.1,50,0.1,0,0.1,86,10,1020,76
3/30/2026 10:00,3/30/2026 10:15,3/30/2026 10:00,0,3.5,65,-2.5,100,25,55.4,0,0,0,71,1,1019.6,70
3/30/2026 10:15,3/30/2026 10:30,3/30/2026 10:00,1,3.5,65,-2.5,100,25,55.4,0,0,0,71,1,1019.6,70
3/30/2026 10:30,3/30/2026 10:45,3/30/2026 10:00,2,3.5,65,-2.5,100,25,55.4,0,0,0,71,1,1019.6,70
3/30/2026 10:45,3/30/2026 11:00,3/30/2026 10:00,3,3.5,65,-2.5,100,25,55.4,0,0,0,71,1,1019.6,70
3/30/2026 11:00,3/30/2026 11:15,3/30/2026 11:00,0,4.4,62,-2.2,89,26.3,54.7,0,0,0,147,2,1018.5,145
3/30/2026 11:15,3/30/2026 11:30,3/30/2026 11:00,1,4.4,62,-2.2,89,26.3,54.7,0,0,0,147,2,1018.5,145
3/30/2026 11:30,3/30/2026 11:45,3/30/2026 11:00,2,4.4,62,-2.2,89,26.3,54.7,0,0,0,147,2,1018.5,145
3/30/2026 11:45,3/30/2026 12:00,3/30/2026 11:00,3,4.4,62,-2.2,89,26.3,54.7,0,0,0,147,2,1018.5,145
3/30/2026 12:00,3/30/2026 12:15,3/30/2026 12:00,0,4.8,68,-0.6,100,27.4,69.8,0.5,0.07,0.6,445,209,1018.1,236
3/30/2026 12:15,3/30/2026 12:30,3/30/2026 12:00,1,4.8,68,-0.6,100,27.4,69.8,0.5,0.07,0.6,445,209,1018.1,236
3/30/2026 12:30,3/30/2026 12:45,3/30/2026 12:00,2,4.8,68,-0.6,100,27.4,69.8,0.5,0.07,0.6,445,209,1018.1,236
3/30/2026 12:45,3/30/2026 13:00,3/30/2026 12:00,3,4.8,68,-0.6,100,27.4,69.8,0.5,0.07,0.6,445,209,1018.1,236
3/30/2026 13:00,3/30/2026 13:15,3/30/2026 13:00,0,4.7,68,-0.9,100,21.3,60.5,0.3,0.07,0.4,234,35,1017.6,199
3/30/2026 13:15,3/30/2026 13:30,3/30/2026 13:00,1,4.7,68,-0.9,100,21.3,60.5,0.3,0.07,0.4,234,35,1017.6,199
3/30/2026 13:30,3/30/2026 13:45,3/30/2026 13:00,2,4.7,68,-0.9,100,21.3,60.5,0.3,0.07,0.4,234,35,1017.6,199
3/30/2026 13:45,3/30/2026 14:00,3/30/2026 13:00,3,4.7,68,-0.9,100,21.3,60.5,0.3,0.07,0.4,234,35,1017.6,199
3/30/2026 14:00,3/30/2026 14:15,3/30/2026 14:00,0,4.6,72,0,59,24.3,56.5,0.1,0,0.1,234,17,1017.4,217
3/30/2026 14:15,3/30/2026 14:30,3/30/2026 14:00,1,4.6,72,0,59,24.3,56.5,0.1,0,0.1,234,17,1017.4,217
3/30/2026 14:30,3/30/2026 14:45,3/30/2026 14:00,2,4.6,72,0,59,24.3,56.5,0.1,0,0.1,234,17,1017.4,217
3/30/2026 14:45,3/30/2026 15:00,3/30/2026 14:00,3,4.6,72,0,59,24.3,56.5,0.1,0,0.1,234,17,1017.4,217
3/30/2026 15:00,3/30/2026 15:15,3/30/2026 15:00,0,5.6,70,0.6,98,23.2,54.7,0.1,0,0.1,523,324,1017,199
3/30/2026 15:15,3/30/2026 15:30,3/30/2026 15:00,1,5.6,70,0.6,98,23.2,54.7,0.1,0,0.1,523,324,1017,199
3/30/2026 15:30,3/30/2026 15:45,3/30/2026 15:00,2,5.6,70,0.6,98,23.2,54.7,0.1,0,0.1,523,324,1017,199
3/30/2026 15:45,3/30/2026 16:00,3/30/2026 15:00,3,5.6,70,0.6,98,23.2,54.7,0.1,0,0.1,523,324,1017,199
3/30/2026 16:00,3/30/2026 16:15,3/30/2026 16:00,0,4.6,75,0.5,81,19.8,55.1,0.3,0.28,0.7,345,121,1017,224
3/30/2026 16:15,3/30/2026 16:30,3/30/2026 16:00,1,4.6,75,0.5,81,19.8,55.1,0.3,0.28,0.7,345,121,1017,224
3/30/2026 16:30,3/30/2026 16:45,3/30/2026 16:00,2,4.6,75,0.5,81,19.8,55.1,0.3,0.28,0.7,345,121,1017,224
3/30/2026 16:45,3/30/2026 17:00,3/30/2026 16:00,3,4.6,75,0.5,81,19.8,55.1,0.3,0.28,0.7,345,121,1017,224
3/30/2026 17:00,3/30/2026 17:15,3/30/2026 17:00,0,5.1,72,0.4,100,17.5,45,0.2,0,0.2,405,267,1016.7,138
3/30/2026 17:15,3/30/2026 17:30,3/30/2026 17:00,1,5.1,72,0.4,100,17.5,45,0.2,0,0.2,405,267,1016.7,138
3/30/2026 17:30,3/30/2026 17:45,3/30/2026 17:00,2,5.1,72,0.4,100,17.5,45,0.2,0,0.2,405,267,1016.7,138
3/30/2026 17:45,3/30/2026 18:00,3/30/2026 17:00,3,5.1,72,0.4,100,17.5,45,0.2,0,0.2,405,267,1016.7,138
3/30/2026 18:00,3/30/2026 18:15,3/30/2026 18:00,0,3.6,83,1,66,16.5,40.3,0.5,0.21,0.8,148,22,1016.9,126
3/30/2026 18:15,3/30/2026 18:30,3/30/2026 18:00,1,3.6,83,1,66,16.5,40.3,0.5,0.21,0.8,148,22,1016.9,126
3/30/2026 18:30,3/30/2026 18:45,3/30/2026 18:00,2,3.6,83,1,66,16.5,40.3,0.5,0.21,0.8,148,22,1016.9,126
3/30/2026 18:45,3/30/2026 19:00,3/30/2026 18:00,3,3.6,83,1,66,16.5,40.3,0.5,0.21,0.8,148,22,1016.9,126
3/30/2026 19:00,3/30/2026 19:15,3/30/2026 19:00,0,3.4,83,0.9,51,12.6,34.2,0,0,0,120,61,1017,59
3/30/2026 19:15,3/30/2026 19:30,3/30/2026 19:00,1,3.4,83,0.9,51,12.6,34.2,0,0,0,120,61,1017,59
3/30/2026 19:30,3/30/2026 19:45,3/30/2026 19:00,2,3.4,83,0.9,51,12.6,34.2,0,0,0,120,61,1017,59
3/30/2026 19:45,3/30/2026 20:00,3/30/2026 19:00,3,3.4,83,0.9,51,12.6,34.2,0,0,0,120,61,1017,59
3/30/2026 20:00,3/30/2026 20:15,3/30/2026 20:00,0,2.2,84,-0.2,83,9.5,28.1,0,0,0,14,4,1018.3,10
3/30/2026 20:15,3/30/2026 20:30,3/30/2026 20:00,1,2.2,84,-0.2,83,9.5,28.1,0,0,0,14,4,1018.3,10
3/30/2026 20:30,3/30/2026 20:45,3/30/2026 20:00,2,2.2,84,-0.2,83,9.5,28.1,0,0,0,14,4,1018.3,10
3/30/2026 20:45,3/30/2026 21:00,3/30/2026 20:00,3,2.2,84,-0.2,83,9.5,28.1,0,0,0,14,4,1018.3,10
3/30/2026 21:00,3/30/2026 21:15,3/30/2026 21:00,0,1.3,92,0.1,84,10,22.7,0.2,0.49,0.9,0,0,1019.5,0
3/30/2026 21:15,3/30/2026 21:30,3/30/2026 21:00,1,1.3,92,0.1,84,10,22.7,0.2,0.49,0.9,0,0,1019.5,0
3/30/2026 21:30,3/30/2026 21:45,3/30/2026 21:00,2,1.3,92,0.1,84,10,22.7,0.2,0.49,0.9,0,0,1019.5,0
3/30/2026 21:45,3/30/2026 22:00,3/30/2026 21:00,3,1.3,92,0.1,84,10,22.7,0.2,0.49,0.9,0,0,1019.5,0
3/30/2026 22:00,3/30/2026 22:15,3/30/2026 22:00,0,1.1,92,0,57,10.3,20.2,0,0,0,0,0,1019.8,0
3/30/2026 22:15,3/30/2026 22:30,3/30/2026 22:00,1,1.1,92,0,57,10.3,20.2,0,0,0,0,0,1019.8,0
3/30/2026 22:30,3/30/2026 22:45,3/30/2026 22:00,2,1.1,92,0,57,10.3,20.2,0,0,0,0,0,1019.8,0
3/30/2026 22:45,3/30/2026 23:00,3/30/2026 22:00,3,1.1,92,0,57,10.3,20.2,0,0,0,0,0,1019.8,0
3/30/2026 23:00,3/30/2026 23:15,3/30/2026 23:00,0,0.4,90,-1,98,10,20.2,0,0.07,0.1,0,0,1020.3,0
3/30/2026 23:15,3/30/2026 23:30,3/30/2026 23:00,1,0.4,90,-1,98,10,20.2,0,0.07,0.1,0,0,1020.3,0
3/30/2026 23:30,3/30/2026 23:45,3/30/2026 23:00,2,0.4,90,-1,98,10,20.2,0,0.07,0.1,0,0,1020.3,0
3/30/2026 23:45,3/31/2026 0:00,3/30/2026 23:00,3,0.4,90,-1,98,10,20.2,0,0.07,0.1,0,0,1020.3,0
3/31/2026 0:00,3/31/2026 0:15,3/31/2026 0:00,0,0.2,91,-1.1,97,9.9,19.4,0,0,0,0,0,1020.3,0
3/31/2026 0:15,3/31/2026 0:30,3/31/2026 0:00,1,0.2,91,-1.1,97,9.9,19.4,0,0,0,0,0,1020.3,0
3/31/2026 0:30,3/31/2026 0:45,3/31/2026 0:00,2,0.2,91,-1.1,97,9.9,19.4,0,0,0,0,0,1020.3,0
3/31/2026 0:45,3/31/2026 1:00,3/31/2026 0:00,3,0.2,91,-1.1,97,9.9,19.4,0,0,0,0,0,1020.3,0
3/31/2026 1:00,3/31/2026 1:15,3/31/2026 1:00,0,-0.4,93,-1.5,91,10.1,19.4,0,0,0,0,0,1020.9,0
3/31/2026 1:15,3/31/2026 1:30,3/31/2026 1:00,1,-0.4,93,-1.5,91,10.1,19.4,0,0,0,0,0,1020.9,0
3/31/2026 1:30,3/31/2026 1:45,3/31/2026 1:00,2,-0.4,93,-1.5,91,10.1,19.4,0,0,0,0,0,1020.9,0
3/31/2026 1:45,3/31/2026 2:00,3/31/2026 1:00,3,-0.4,93,-1.5,91,10.1,19.4,0,0,0,0,0,1020.9,0
3/31/2026 2:00,3/31/2026 2:15,3/31/2026 2:00,0,-0.4,81,-3.2,84,8.7,19.4,0,1.54,2.2,0,0,1021.2,0
3/31/2026 2:15,3/31/2026 2:30,3/31/2026 2:00,1,-0.4,81,-3.2,84,8.7,19.4,0,1.54,2.2,0,0,1021.2,0
3/31/2026 2:30,3/31/2026 2:45,3/31/2026 2:00,2,-0.4,81,-3.2,84,8.7,19.4,0,1.54,2.2,0,0,1021.2,0
3/31/2026 2:45,3/31/2026 3:00,3/31/2026 2:00,3,-0.4,81,-3.2,84,8.7,19.4,0,1.54,2.2,0,0,1021.2,0
3/31/2026 3:00,3/31/2026 3:15,3/31/2026 3:00,0,-0.6,80,-3.6,70,8.8,20.5,0,0,0,0,0,1021.7,0
3/31/2026 3:15,3/31/2026 3:30,3/31/2026 3:00,1,-0.6,80,-3.6,70,8.8,20.5,0,0,0,0,0,1021.7,0
3/31/2026 3:30,3/31/2026 3:45,3/31/2026 3:00,2,-0.6,80,-3.6,70,8.8,20.5,0,0,0,0,0,1021.7,0
3/31/2026 3:45,3/31/2026 4:00,3/31/2026 3:00,3,-0.6,80,-3.6,70,8.8,20.5,0,0,0,0,0,1021.7,0
3/31/2026 4:00,3/31/2026 4:15,3/31/2026 4:00,0,-0.8,89,-2.4,72,9.8,19.1,0,0.07,0,0,0,1022.1,0
3/31/2026 4:15,3/31/2026 4:30,3/31/2026 4:00,1,-0.8,89,-2.4,72,9.8,19.1,0,0.07,0,0,0,1022.1,0
3/31/2026 4:30,3/31/2026 4:45,3/31/2026 4:00,2,-0.8,89,-2.4,72,9.8,19.1,0,0.07,0,0,0,1022.1,0
3/31/2026 4:45,3/31/2026 5:00,3/31/2026 4:00,3,-0.8,89,-2.4,72,9.8,19.1,0,0.07,0,0,0,1022.1,0
3/31/2026 5:00,3/31/2026 5:15,3/31/2026 5:00,0,-0.2,95,-0.9,33,8.9,19.1,0,0,0,0,0,1022.4,0
3/31/2026 5:15,3/31/2026 5:30,3/31/2026 5:00,1,-0.2,95,-0.9,33,8.9,19.1,0,0,0,0,0,1022.4,0
3/31/2026 5:30,3/31/2026 5:45,3/31/2026 5:00,2,-0.2,95,-0.9,33,8.9,19.1,0,0,0,0,0,1022.4,0
3/31/2026 5:45,3/31/2026 6:00,3/31/2026 5:00,3,-0.2,95,-0.9,33,8.9,19.1,0,0,0,0,0,1022.4,0
3/31/2026 6:00,3/31/2026 6:15,3/31/2026 6:00,0,-0.3,96,-0.9,100,8.6,18,0,0,0,0,0,1023.2,0
3/31/2026 6:15,3/31/2026 6:30,3/31/2026 6:00,1,-0.3,96,-0.9,100,8.6,18,0,0,0,0,0,1023.2,0
3/31/2026 6:30,3/31/2026 6:45,3/31/2026 6:00,2,-0.3,96,-0.9,100,8.6,18,0,0,0,0,0,1023.2,0
3/31/2026 6:45,3/31/2026 7:00,3/31/2026 6:00,3,-0.3,96,-0.9,100,8.6,18,0,0,0,0,0,1023.2,0
3/31/2026 7:00,3/31/2026 7:15,3/31/2026 7:00,0,-0.2,96,-0.8,100,8.4,17.3,0,0.98,1.4,0,0,1023.8,0
3/31/2026 7:15,3/31/2026 7:30,3/31/2026 7:00,1,-0.2,96,-0.8,100,8.4,17.3,0,0.98,1.4,0,0,1023.8,0
3/31/2026 7:30,3/31/2026 7:45,3/31/2026 7:00,2,-0.2,96,-0.8,100,8.4,17.3,0,0.98,1.4,0,0,1023.8,0
3/31/2026 7:45,3/31/2026 8:00,3/31/2026 7:00,3,-0.2,96,-0.8,100,8.4,17.3,0,0.98,1.4,0,0,1023.8,0
3/31/2026 8:00,3/31/2026 8:15,3/31/2026 8:00,0,0.2,96,-0.3,100,9.4,20.2,0,0,0,16,0,1024.5,16
3/31/2026 8:15,3/31/2026 8:30,3/31/2026 8:00,1,0.2,96,-0.3,100,9.4,20.2,0,0,0,16,0,1024.5,16
3/31/2026 8:30,3/31/2026 8:45,3/31/2026 8:00,2,0.2,96,-0.3,100,9.4,20.2,0,0,0,16,0,1024.5,16
3/31/2026 8:45,3/31/2026 9:00,3/31/2026 8:00,3,0.2,96,-0.3,100,9.4,20.2,0,0,0,16,0,1024.5,16
3/31/2026 9:00,3/31/2026 9:15,3/31/2026 9:00,0,1.8,90,0.3,99,13.9,31.7,0,0,0,149,55,1025,94
3/31/2026 9:15,3/31/2026 9:30,3/31/2026 9:00,1,1.8,90,0.3,99,13.9,31.7,0,0,0,149,55,1025,94
3/31/2026 9:30,3/31/2026 9:45,3/31/2026 9:00,2,1.8,90,0.3,99,13.9,31.7,0,0,0,149,55,1025,94
3/31/2026 9:45,3/31/2026 10:00,3/31/2026 9:00,3,1.8,90,0.3,99,13.9,31.7,0,0,0,149,55,1025,94
3/31/2026 10:00,3/31/2026 10:15,3/31/2026 10:00,0,2.5,84,0,65,12.1,32.8,0,0,0,259,114,1025.5,145
3/31/2026 10:15,3/31/2026 10:30,3/31/2026 10:00,1,2.5,84,0,65,12.1,32.8,0,0,0,259,114,1025.5,145
3/31/2026 10:30,3/31/2026 10:45,3/31/2026 10:00,2,2.5,84,0,65,12.1,32.8,0,0,0,259,114,1025.5,145
3/31/2026 10:45,3/31/2026 11:00,3/31/2026 10:00,3,2.5,84,0,65,12.1,32.8,0,0,0,259,114,1025.5,145
3/31/2026 11:00,3/31/2026 11:15,3/31/2026 11:00,0,3.7,75,-0.4,29,11,30.2,0,0,0,430,282,1025.5,148
3/31/2026 11:15,3/31/2026 11:30,3/31/2026 11:00,1,3.7,75,-0.4,29,11,30.2,0,0,0,430,282,1025.5,148
3/31/2026 11:30,3/31/2026 11:45,3/31/2026 11:00,2,3.7,75,-0.4,29,11,30.2,0,0,0,430,282,1025.5,148
3/31/2026 11:45,3/31/2026 12:00,3/31/2026 11:00,3,3.7,75,-0.4,29,11,30.2,0,0,0,430,282,1025.5,148
3/31/2026 12:00,3/31/2026 12:15,3/31/2026 12:00,0,4.7,66,-1.1,31,10.7,31.7,0,0,0,592,440,1025.2,152
3/31/2026 12:15,3/31/2026 12:30,3/31/2026 12:00,1,4.7,66,-1.1,31,10.7,31.7,0,0,0,592,440,1025.2,152
3/31/2026 12:30,3/31/2026 12:45,3/31/2026 12:00,2,4.7,66,-1.1,31,10.7,31.7,0,0,0,592,440,1025.2,152
3/31/2026 12:45,3/31/2026 13:00,3/31/2026 12:00,3,4.7,66,-1.1,31,10.7,31.7,0,0,0,592,440,1025.2,152
3/31/2026 13:00,3/31/2026 13:15,3/31/2026 13:00,0,5.3,58,-2.2,54,10.7,31.3,0.1,0,0.1,617,453,1025.2,164
3/31/2026 13:15,3/31/2026 13:30,3/31/2026 13:00,1,5.3,58,-2.2,54,10.7,31.3,0.1,0,0.1,617,453,1025.2,164
3/31/2026 13:30,3/31/2026 13:45,3/31/2026 13:00,2,5.3,58,-2.2,54,10.7,31.3,0.1,0,0.1,617,453,1025.2,164
3/31/2026 13:45,3/31/2026 14:00,3/31/2026 13:00,3,5.3,58,-2.2,54,10.7,31.3,0.1,0,0.1,617,453,1025.2,164
3/31/2026 14:00,3/31/2026 14:15,3/31/2026 14:00,0,4.6,59,-2.8,44,12.1,30.6,0.1,0.07,0.2,561,349,1026.3,212
3/31/2026 14:15,3/31/2026 14:30,3/31/2026 14:00,1,4.6,59,-2.8,44,12.1,30.6,0.1,0.07,0.2,561,349,1026.3,212
3/31/2026 14:30,3/31/2026 14:45,3/31/2026 14:00,2,4.6,59,-2.8,44,12.1,30.6,0.1,0.07,0.2,561,349,1026.3,212
3/31/2026 14:45,3/31/2026 15:00,3/31/2026 14:00,3,4.6,59,-2.8,44,12.1,30.6,0.1,0.07,0.2,561,349,1026.3,212
3/31/2026 15:00,3/31/2026 15:15,3/31/2026 15:00,0,5.1,57,-2.8,84,11.3,30.6,0.1,0.07,0.2,510,334,1025.9,176
3/31/2026 15:15,3/31/2026 15:30,3/31/2026 15:00,1,5.1,57,-2.8,84,11.3,30.6,0.1,0.07,0.2,510,334,1025.9,176
3/31/2026 15:30,3/31/2026 15:45,3/31/2026 15:00,2,5.1,57,-2.8,84,11.3,30.6,0.1,0.07,0.2,510,334,1025.9,176
3/31/2026 15:45,3/31/2026 16:00,3/31/2026 15:00,3,5.1,57,-2.8,84,11.3,30.6,0.1,0.07,0.2,510,334,1025.9,176
3/31/2026 16:00,3/31/2026 16:15,3/31/2026 16:00,0,5.3,55,-3,89,11.4,29.9,0.1,0,0.1,483,299,1025.6,184
3/31/2026 16:15,3/31/2026 16:30,3/31/2026 16:00,1,5.3,55,-3,89,11.4,29.9,0.1,0,0.1,483,299,1025.6,184
3/31/2026 16:30,3/31/2026 16:45,3/31/2026 16:00,2,5.3,55,-3,89,11.4,29.9,0.1,0,0.1,483,299,1025.6,184
3/31/2026 16:45,3/31/2026 17:00,3/31/2026 16:00,3,5.3,55,-3,89,11.4,29.9,0.1,0,0.1,483,299,1025.6,184
3/31/2026 17:00,3/31/2026 17:15,3/31/2026 17:00,0,5.1,55,-3.3,94,14.3,33.1,0.1,0,0.1,346,183,1025.7,163
3/31/2026 17:15,3/31/2026 17:30,3/31/2026 17:00,1,5.1,55,-3.3,94,14.3,33.1,0.1,0,0.1,346,183,1025.7,163
3/31/2026 17:30,3/31/2026 17:45,3/31/2026 17:00,2,5.1,55,-3.3,94,14.3,33.1,0.1,0,0.1,346,183,1025.7,163
3/31/2026 17:45,3/31/2026 18:00,3/31/2026 17:00,3,5.1,55,-3.3,94,14.3,33.1,0.1,0,0.1,346,183,1025.7,163
3/31/2026 18:00,3/31/2026 18:15,3/31/2026 18:00,0,4.9,56,-3,59,13.6,33.8,0,0,0,221,90,1025.6,131
3/31/2026 18:15,3/31/2026 18:30,3/31/2026 18:00,1,4.9,56,-3,59,13.6,33.8,0,0,0,221,90,1025.6,131
3/31/2026 18:30,3/31/2026 18:45,3/31/2026 18:00,2,4.9,56,-3,59,13.6,33.8,0,0,0,221,90,1025.6,131
3/31/2026 18:45,3/31/2026 19:00,3/31/2026 18:00,3,4.9,56,-3,59,13.6,33.8,0,0,0,221,90,1025.6,131
3/31/2026 19:00,3/31/2026 19:15,3/31/2026 19:00,0,4.4,60,-2.7,87,8.9,31.7,0,0,0,84,21,1025.8,63
3/31/2026 19:15,3/31/2026 19:30,3/31/2026 19:00,1,4.4,60,-2.7,87,8.9,31.7,0,0,0,84,21,1025.8,63
3/31/2026 19:30,3/31/2026 19:45,3/31/2026 19:00,2,4.4,60,-2.7,87,8.9,31.7,0,0,0,84,21,1025.8,63
3/31/2026 19:45,3/31/2026 20:00,3/31/2026 19:00,3,4.4,60,-2.7,87,8.9,31.7,0,0,0,84,21,1025.8,63
3/31/2026 20:00,3/31/2026 20:15,3/31/2026 20:00,0,2.3,77,-1.4,18,4.4,19.4,0,0,0,11,1,1026.9,10
3/31/2026 20:15,3/31/2026 20:30,3/31/2026 20:00,1,2.3,77,-1.4,18,4.4,19.4,0,0,0,11,1,1026.9,10
3/31/2026 20:30,3/31/2026 20:45,3/31/2026 20:00,2,2.3,77,-1.4,18,4.4,19.4,0,0,0,11,1,1026.9,10
3/31/2026 20:45,3/31/2026 21:00,3/31/2026 20:00,3,2.3,77,-1.4,18,4.4,19.4,0,0,0,11,1,1026.9,10
3/31/2026 21:00,3/31/2026 21:15,3/31/2026 21:00,0,2,78,-1.4,1,7.3,13.7,0,0,0,0,0,1027.1,0
3/31/2026 21:15,3/31/2026 21:30,3/31/2026 21:00,1,2,78,-1.4,1,7.3,13.7,0,0,0,0,0,1027.1,0
3/31/2026 21:30,3/31/2026 21:45,3/31/2026 21:00,2,2,78,-1.4,1,7.3,13.7,0,0,0,0,0,1027.1,0
3/31/2026 21:45,3/31/2026 22:00,3/31/2026 21:00,3,2,78,-1.4,1,7.3,13.7,0,0,0,0,0,1027.1,0
3/31/2026 22:00,3/31/2026 22:15,3/31/2026 22:00,0,1.2,80,-1.9,5,8.3,15.8,0,0,0,0,0,1027.3,0
3/31/2026 22:15,3/31/2026 22:30,3/31/2026 22:00,1,1.2,80,-1.9,5,8.3,15.8,0,0,0,0,0,1027.3,0
3/31/2026 22:30,3/31/2026 22:45,3/31/2026 22:00,2,1.2,80,-1.9,5,8.3,15.8,0,0,0,0,0,1027.3,0
3/31/2026 22:45,3/31/2026 23:00,3/31/2026 22:00,3,1.2,80,-1.9,5,8.3,15.8,0,0,0,0,0,1027.3,0
3/31/2026 23:00,3/31/2026 23:15,3/31/2026 23:00,0,0.9,79,-2.3,13,8.3,16.2,0,0,0,0,0,1027.4,0
3/31/2026 23:15,3/31/2026 23:30,3/31/2026 23:00,1,0.9,79,-2.3,13,8.3,16.2,0,0,0,0,0,1027.4,0
3/31/2026 23:30,3/31/2026 23:45,3/31/2026 23:00,2,0.9,79,-2.3,13,8.3,16.2,0,0,0,0,0,1027.4,0
3/31/2026 23:45,4/1/2026 0:00,3/31/2026 23:00,3,0.9,79,-2.3,13,8.3,16.2,0,0,0,0,0,1027.4,0
4/1/2026 0:00,4/1/2026 0:15,4/1/2026 0:00,0,0.3,80,-2.7,16,8.5,16.6,0,0,0,0,0,1027.6,0
4/1/2026 0:15,4/1/2026 0:30,4/1/2026 0:00,1,0.3,80,-2.7,16,8.5,16.6,0,0,0,0,0,1027.6,0
4/1/2026 0:30,4/1/2026 0:45,4/1/2026 0:00,2,0.3,80,-2.7,16,8.5,16.6,0,0,0,0,0,1027.6,0
4/1/2026 0:45,4/1/2026 1:00,4/1/2026 0:00,3,0.3,80,-2.7,16,8.5,16.6,0,0,0,0,0,1027.6,0
4/1/2026 1:00,4/1/2026 1:15,4/1/2026 1:00,0,-0.3,84,-2.6,32,9.2,18.4,0,0.14,0.2,0,0,1027.6,0
4/1/2026 1:15,4/1/2026 1:30,4/1/2026 1:00,1,-0.3,84,-2.6,32,9.2,18.4,0,0.14,0.2,0,0,1027.6,0
4/1/2026 1:30,4/1/2026 1:45,4/1/2026 1:00,2,-0.3,84,-2.6,32,9.2,18.4,0,0.14,0.2,0,0,1027.6,0
4/1/2026 1:45,4/1/2026 2:00,4/1/2026 1:00,3,-0.3,84,-2.6,32,9.2,18.4,0,0.14,0.2,0,0,1027.6,0
4/1/2026 2:00,4/1/2026 2:15,4/1/2026 2:00,0,0.7,92,-0.4,88,8.3,19.1,0,0,0,0,0,1027.2,0
4/1/2026 2:15,4/1/2026 2:30,4/1/2026 2:00,1,0.7,92,-0.4,88,8.3,19.1,0,0,0,0,0,1027.2,0
4/1/2026 2:30,4/1/2026 2:45,4/1/2026 2:00,2,0.7,92,-0.4,88,8.3,19.1,0,0,0,0,0,1027.2,0
4/1/2026 2:45,4/1/2026 3:00,4/1/2026 2:00,3,0.7,92,-0.4,88,8.3,19.1,0,0,0,0,0,1027.2,0
4/1/2026 3:00,4/1/2026 3:15,4/1/2026 3:00,0,0.2,90,-1.1,99,9.8,19.4,0.1,0.14,0.3,0,0,1026.6,0
4/1/2026 3:15,4/1/2026 3:30,4/1/2026 3:00,1,0.2,90,-1.1,99,9.8,19.4,0.1,0.14,0.3,0,0,1026.6,0
4/1/2026 3:30,4/1/2026 3:45,4/1/2026 3:00,2,0.2,90,-1.1,99,9.8,19.4,0.1,0.14,0.3,0,0,1026.6,0
4/1/2026 3:45,4/1/2026 4:00,4/1/2026 3:00,3,0.2,90,-1.1,99,9.8,19.4,0.1,0.14,0.3,0,0,1026.6,0
4/1/2026 4:00,4/1/2026 4:15,4/1/2026 4:00,0,0.2,89,-1.4,98,8,18.4,0,0.28,0.4,0,0,1026.1,0
4/1/2026 4:15,4/1/2026 4:30,4/1/2026 4:00,1,0.2,89,-1.4,98,8,18.4,0,0.28,0.4,0,0,1026.1,0
4/1/2026 4:30,4/1/2026 4:45,4/1/2026 4:00,2,0.2,89,-1.4,98,8,18.4,0,0.28,0.4,0,0,1026.1,0
4/1/2026 4:45,4/1/2026 5:00,4/1/2026 4:00,3,0.2,89,-1.4,98,8,18.4,0,0.28,0.4,0,0,1026.1,0
4/1/2026 5:00,4/1/2026 5:15,4/1/2026 5:00,0,0.1,86,-2,88,8.1,16.2,0,0.14,0.2,0,0,1026,0
4/1/2026 5:15,4/1/2026 5:30,4/1/2026 5:00,1,0.1,86,-2,88,8.1,16.2,0,0.14,0.2,0,0,1026,0
4/1/2026 5:30,4/1/2026 5:45,4/1/2026 5:00,2,0.1,86,-2,88,8.1,16.2,0,0.14,0.2,0,0,1026,0
4/1/2026 5:45,4/1/2026 6:00,4/1/2026 5:00,3,0.1,86,-2,88,8.1,16.2,0,0.14,0.2,0,0,1026,0
4/1/2026 6:00,4/1/2026 6:15,4/1/2026 6:00,0,-0.2,84,-2.5,45,8.5,16.9,0,0.07,0.1,0,0,1026,0
4/1/2026 6:15,4/1/2026 6:30,4/1/2026 6:00,1,-0.2,84,-2.5,45,8.5,16.9,0,0.07,0.1,0,0,1026,0
4/1/2026 6:30,4/1/2026 6:45,4/1/2026 6:00,2,-0.2,84,-2.5,45,8.5,16.9,0,0.07,0.1,0,0,1026,0
4/1/2026 6:45,4/1/2026 7:00,4/1/2026 6:00,3,-0.2,84,-2.5,45,8.5,16.9,0,0.07,0.1,0,0,1026,0
4/1/2026 7:00,4/1/2026 7:15,4/1/2026 7:00,0,-0.6,84,-3,80,8.2,16.9,0,0,0,0,0,1026.1,0
4/1/2026 7:15,4/1/2026 7:30,4/1/2026 7:00,1,-0.6,84,-3,80,8.2,16.9,0,0,0,0,0,1026.1,0
4/1/2026 7:30,4/1/2026 7:45,4/1/2026 7:00,2,-0.6,84,-3,80,8.2,16.9,0,0,0,0,0,1026.1,0
4/1/2026 7:45,4/1/2026 8:00,4/1/2026 7:00,3,-0.6,84,-3,80,8.2,16.9,0,0,0,0,0,1026.1,0
4/1/2026 8:00,4/1/2026 8:15,4/1/2026 8:00,0,0.6,93,-0.4,95,0.7,16.6,0,0,0,32,14,1026.1,18
4/1/2026 8:15,4/1/2026 8:30,4/1/2026 8:00,1,0.6,93,-0.4,95,0.7,16.6,0,0,0,32,14,1026.1,18
4/1/2026 8:30,4/1/2026 8:45,4/1/2026 8:00,2,0.6,93,-0.4,95,0.7,16.6,0,0,0,32,14,1026.1,18
4/1/2026 8:45,4/1/2026 9:00,4/1/2026 8:00,3,0.6,93,-0.4,95,0.7,16.6,0,0,0,32,14,1026.1,18
4/1/2026 9:00,4/1/2026 9:15,4/1/2026 9:00,0,1.8,89,0.2,98,1.6,9.7,0,0,0,147,66,1026.3,81
4/1/2026 9:15,4/1/2026 9:30,4/1/2026 9:00,1,1.8,89,0.2,98,1.6,9.7,0,0,0,147,66,1026.3,81
4/1/2026 9:30,4/1/2026 9:45,4/1/2026 9:00,2,1.8,89,0.2,98,1.6,9.7,0,0,0,147,66,1026.3,81
4/1/2026 9:45,4/1/2026 10:00,4/1/2026 9:00,3,1.8,89,0.2,98,1.6,9.7,0,0,0,147,66,1026.3,81
4/1/2026 10:00,4/1/2026 10:15,4/1/2026 10:00,0,3.5,78,0.1,52,4.9,15.5,0,0,0,331,208,1025.9,123
4/1/2026 10:15,4/1/2026 10:30,4/1/2026 10:00,1,3.5,78,0.1,52,4.9,15.5,0,0,0,331,208,1025.9,123
4/1/2026 10:30,4/1/2026 10:45,4/1/2026 10:00,2,3.5,78,0.1,52,4.9,15.5,0,0,0,331,208,1025.9,123
4/1/2026 10:45,4/1/2026 11:00,4/1/2026 10:00,3,3.5,78,0.1,52,4.9,15.5,0,0,0,331,208,1025.9,123
4/1/2026 11:00,4/1/2026 11:15,4/1/2026 11:00,0,5.1,66,-0.8,30,8.4,23.8,0.2,0,0.2,497,356,1025.5,141
4/1/2026 11:15,4/1/2026 11:30,4/1/2026 11:00,1,5.1,66,-0.8,30,8.4,23.8,0.2,0,0.2,497,356,1025.5,141
4/1/2026 11:30,4/1/2026 11:45,4/1/2026 11:00,2,5.1,66,-0.8,30,8.4,23.8,0.2,0,0.2,497,356,1025.5,141
4/1/2026 11:45,4/1/2026 12:00,4/1/2026 11:00,3,5.1,66,-0.8,30,8.4,23.8,0.2,0,0.2,497,356,1025.5,141
4/1/2026 12:00,4/1/2026 12:15,4/1/2026 12:00,0,6.2,60,-1,25,9.6,26.6,0.1,0,0.1,576,425,1024.8,151
4/1/2026 12:15,4/1/2026 12:30,4/1/2026 12:00,1,6.2,60,-1,25,9.6,26.6,0.1,0,0.1,576,425,1024.8,151
4/1/2026 12:30,4/1/2026 12:45,4/1/2026 12:00,2,6.2,60,-1,25,9.6,26.6,0.1,0,0.1,576,425,1024.8,151
4/1/2026 12:45,4/1/2026 13:00,4/1/2026 12:00,3,6.2,60,-1,25,9.6,26.6,0.1,0,0.1,576,425,1024.8,151
4/1/2026 13:00,4/1/2026 13:15,4/1/2026 13:00,0,6.7,57,-1.2,46,11.3,29.9,0.2,0,0.2,568,395,1024.1,173
4/1/2026 13:15,4/1/2026 13:30,4/1/2026 13:00,1,6.7,57,-1.2,46,11.3,29.9,0.2,0,0.2,568,395,1024.1,173
4/1/2026 13:30,4/1/2026 13:45,4/1/2026 13:00,2,6.7,57,-1.2,46,11.3,29.9,0.2,0,0.2,568,395,1024.1,173
4/1/2026 13:45,4/1/2026 14:00,4/1/2026 13:00,3,6.7,57,-1.2,46,11.3,29.9,0.2,0,0.2,568,395,1024.1,173
4/1/2026 14:00,4/1/2026 14:15,4/1/2026 14:00,0,5.9,62,-0.8,55,11,31,0.1,0,0.1,505,281,1024.1,224
4/1/2026 14:15,4/1/2026 14:30,4/1/2026 14:00,1,5.9,62,-0.8,55,11,31,0.1,0,0.1,505,281,1024.1,224
4/1/2026 14:30,4/1/2026 14:45,4/1/2026 14:00,2,5.9,62,-0.8,55,11,31,0.1,0,0.1,505,281,1024.1,224
4/1/2026 14:45,4/1/2026 15:00,4/1/2026 14:00,3,5.9,62,-0.8,55,11,31,0.1,0,0.1,505,281,1024.1,224
4/1/2026 15:00,4/1/2026 15:15,4/1/2026 15:00,0,6.9,55,-1.5,94,11.9,30.2,0.1,0,0.1,401,125,1023.2,276
4/1/2026 15:15,4/1/2026 15:30,4/1/2026 15:00,1,6.9,55,-1.5,94,11.9,30.2,0.1,0,0.1,401,125,1023.2,276
4/1/2026 15:30,4/1/2026 15:45,4/1/2026 15:00,2,6.9,55,-1.5,94,11.9,30.2,0.1,0,0.1,401,125,1023.2,276
4/1/2026 15:45,4/1/2026 16:00,4/1/2026 15:00,3,6.9,55,-1.5,94,11.9,30.2,0.1,0,0.1,401,125,1023.2,276
4/1/2026 16:00,4/1/2026 16:15,4/1/2026 16:00,0,6.7,58,-1.1,95,12.7,31,0,0,0,284,59,1022.7,225
4/1/2026 16:15,4/1/2026 16:30,4/1/2026 16:00,1,6.7,58,-1.1,95,12.7,31,0,0,0,284,59,1022.7,225
4/1/2026 16:30,4/1/2026 16:45,4/1/2026 16:00,2,6.7,58,-1.1,95,12.7,31,0,0,0,284,59,1022.7,225
4/1/2026 16:45,4/1/2026 17:00,4/1/2026 16:00,3,6.7,58,-1.1,95,12.7,31,0,0,0,284,59,1022.7,225
4/1/2026 17:00,4/1/2026 17:15,4/1/2026 17:00,0,6.8,58,-0.9,83,12.1,31,0,0,0,245,77,1022.2,168
4/1/2026 17:15,4/1/2026 17:30,4/1/2026 17:00,1,6.8,58,-0.9,83,12.1,31,0,0,0,245,77,1022.2,168
4/1/2026 17:30,4/1/2026 17:45,4/1/2026 17:00,2,6.8,58,-0.9,83,12.1,31,0,0,0,245,77,1022.2,168
4/1/2026 17:45,4/1/2026 18:00,4/1/2026 17:00,3,6.8,58,-0.9,83,12.1,31,0,0,0,245,77,1022.2,168
4/1/2026 18:00,4/1/2026 18:15,4/1/2026 18:00,0,6.8,56,-1.5,99,10.4,28.8,0,0,0,145,28,1021.7,117
4/1/2026 18:15,4/1/2026 18:30,4/1/2026 18:00,1,6.8,56,-1.5,99,10.4,28.8,0,0,0,145,28,1021.7,117
4/1/2026 18:30,4/1/2026 18:45,4/1/2026 18:00,2,6.8,56,-1.5,99,10.4,28.8,0,0,0,145,28,1021.7,117
4/1/2026 18:45,4/1/2026 19:00,4/1/2026 18:00,3,6.8,56,-1.5,99,10.4,28.8,0,0,0,145,28,1021.7,117
4/1/2026 19:00,4/1/2026 19:15,4/1/2026 19:00,0,6.2,61,-0.8,87,6.2,24.1,0,0,0,61,6,1021.4,55
4/1/2026 19:15,4/1/2026 19:30,4/1/2026 19:00,1,6.2,61,-0.8,87,6.2,24.1,0,0,0,61,6,1021.4,55
4/1/2026 19:30,4/1/2026 19:45,4/1/2026 19:00,2,6.2,61,-0.8,87,6.2,24.1,0,0,0,61,6,1021.4,55
4/1/2026 19:45,4/1/2026 20:00,4/1/2026 19:00,3,6.2,61,-0.8,87,6.2,24.1,0,0,0,61,6,1021.4,55
4/1/2026 20:00,4/1/2026 20:15,4/1/2026 20:00,0,5.2,72,0.6,93,3.1,13,0,0,0,8,0,1021.6,8
4/1/2026 20:15,4/1/2026 20:30,4/1/2026 20:00,1,5.2,72,0.6,93,3.1,13,0,0,0,8,0,1021.6,8
4/1/2026 20:30,4/1/2026 20:45,4/1/2026 20:00,2,5.2,72,0.6,93,3.1,13,0,0,0,8,0,1021.6,8
4/1/2026 20:45,4/1/2026 21:00,4/1/2026 20:00,3,5.2,72,0.6,93,3.1,13,0,0,0,8,0,1021.6,8
4/1/2026 21:00,4/1/2026 21:15,4/1/2026 21:00,0,4.5,76,0.6,85,1.3,5.4,0,0,0,0,0,1021.8,0
4/1/2026 21:15,4/1/2026 21:30,4/1/2026 21:00,1,4.5,76,0.6,85,1.3,5.4,0,0,0,0,0,1021.8,0
4/1/2026 21:30,4/1/2026 21:45,4/1/2026 21:00,2,4.5,76,0.6,85,1.3,5.4,0,0,0,0,0,1021.8,0
4/1/2026 21:45,4/1/2026 22:00,4/1/2026 21:00,3,4.5,76,0.6,85,1.3,5.4,0,0,0,0,0,1021.8,0
4/1/2026 22:00,4/1/2026 22:15,4/1/2026 22:00,0,3.8,78,0.3,95,1.5,2.5,0,0,0,0,0,1021.8,0
4/1/2026 22:15,4/1/2026 22:30,4/1/2026 22:00,1,3.8,78,0.3,95,1.5,2.5,0,0,0,0,0,1021.8,0
4/1/2026 22:30,4/1/2026 22:45,4/1/2026 22:00,2,3.8,78,0.3,95,1.5,2.5,0,0,0,0,0,1021.8,0
4/1/2026 22:45,4/1/2026 23:00,4/1/2026 22:00,3,3.8,78,0.3,95,1.5,2.5,0,0,0,0,0,1021.8,0
4/1/2026 23:00,4/1/2026 23:15,4/1/2026 23:00,0,3.4,82,0.6,100,1.8,4.7,0,0,0,0,0,1021.4,0
4/1/2026 23:15,4/1/2026 23:30,4/1/2026 23:00,1,3.4,82,0.6,100,1.8,4.7,0,0,0,0,0,1021.4,0
4/1/2026 23:30,4/1/2026 23:45,4/1/2026 23:00,2,3.4,82,0.6,100,1.8,4.7,0,0,0,0,0,1021.4,0
4/1/2026 23:45,4/2/2026 0:00,4/1/2026 23:00,3,3.4,82,0.6,100,1.8,4.7,0,0,0,0,0,1021.4,0
4/2/2026 0:00,4/2/2026 0:15,4/2/2026 0:00,0,3.2,86,1.1,61,1.5,4.7,0,0,0,0,0,1020.7,0
4/2/2026 0:15,4/2/2026 0:30,4/2/2026 0:00,1,3.2,86,1.1,61,1.5,4.7,0,0,0,0,0,1020.7,0
4/2/2026 0:30,4/2/2026 0:45,4/2/2026 0:00,2,3.2,86,1.1,61,1.5,4.7,0,0,0,0,0,1020.7,0
4/2/2026 0:45,4/2/2026 1:00,4/2/2026 0:00,3,3.2,86,1.1,61,1.5,4.7,0,0,0,0,0,1020.7,0
4/2/2026 1:00,4/2/2026 1:15,4/2/2026 1:00,0,3,84,0.6,24,1.8,4.7,0,0,0,0,0,1020.2,0
4/2/2026 1:15,4/2/2026 1:30,4/2/2026 1:00,1,3,84,0.6,24,1.8,4.7,0,0,0,0,0,1020.2,0
4/2/2026 1:30,4/2/2026 1:45,4/2/2026 1:00,2,3,84,0.6,24,1.8,4.7,0,0,0,0,0,1020.2,0
4/2/2026 1:45,4/2/2026 2:00,4/2/2026 1:00,3,3,84,0.6,24,1.8,4.7,0,0,0,0,0,1020.2,0
4/2/2026 2:00,4/2/2026 2:15,4/2/2026 2:00,0,2.3,82,-0.4,51,5.6,2.9,0,0,0,0,0,1019.7,0
4/2/2026 2:15,4/2/2026 2:30,4/2/2026 2:00,1,2.3,82,-0.4,51,5.6,2.9,0,0,0,0,0,1019.7,0
4/2/2026 2:30,4/2/2026 2:45,4/2/2026 2:00,2,2.3,82,-0.4,51,5.6,2.9,0,0,0,0,0,1019.7,0
4/2/2026 2:45,4/2/2026 3:00,4/2/2026 2:00,3,2.3,82,-0.4,51,5.6,2.9,0,0,0,0,0,1019.7,0
4/2/2026 3:00,4/2/2026 3:15,4/2/2026 3:00,0,1.4,87,-0.5,16,4,11.2,0,0,0,0,0,1019.1,0
4/2/2026 3:15,4/2/2026 3:30,4/2/2026 3:00,1,1.4,87,-0.5,16,4,11.2,0,0,0,0,0,1019.1,0
4/2/2026 3:30,4/2/2026 3:45,4/2/2026 3:00,2,1.4,87,-0.5,16,4,11.2,0,0,0,0,0,1019.1,0
4/2/2026 3:45,4/2/2026 4:00,4/2/2026 3:00,3,1.4,87,-0.5,16,4,11.2,0,0,0,0,0,1019.1,0
4/2/2026 4:00,4/2/2026 4:15,4/2/2026 4:00,0,1,88,-0.8,19,4.7,8.6,0,0,0,0,0,1018.8,0
4/2/2026 4:15,4/2/2026 4:30,4/2/2026 4:00,1,1,88,-0.8,19,4.7,8.6,0,0,0,0,0,1018.8,0
4/2/2026 4:30,4/2/2026 4:45,4/2/2026 4:00,2,1,88,-0.8,19,4.7,8.6,0,0,0,0,0,1018.8,0
4/2/2026 4:45,4/2/2026 5:00,4/2/2026 4:00,3,1,88,-0.8,19,4.7,8.6,0,0,0,0,0,1018.8,0
4/2/2026 5:00,4/2/2026 5:15,4/2/2026 5:00,0,0.3,89,-1.4,36,4.4,9,0,0,0,0,0,1018.5,0
4/2/2026 5:15,4/2/2026 5:30,4/2/2026 5:00,1,0.3,89,-1.4,36,4.4,9,0,0,0,0,0,1018.5,0
4/2/2026 5:30,4/2/2026 5:45,4/2/2026 5:00,2,0.3,89,-1.4,36,4.4,9,0,0,0,0,0,1018.5,0
4/2/2026 5:45,4/2/2026 6:00,4/2/2026 5:00,3,0.3,89,-1.4,36,4.4,9,0,0,0,0,0,1018.5,0
4/2/2026 6:00,4/2/2026 6:15,4/2/2026 6:00,0,0.1,88,-1.8,30,1.2,7.6,0,0,0,0,0,1018,0
4/2/2026 6:15,4/2/2026 6:30,4/2/2026 6:00,1,0.1,88,-1.8,30,1.2,7.6,0,0,0,0,0,1018,0
4/2/2026 6:30,4/2/2026 6:45,4/2/2026 6:00,2,0.1,88,-1.8,30,1.2,7.6,0,0,0,0,0,1018,0
4/2/2026 6:45,4/2/2026 7:00,4/2/2026 6:00,3,0.1,88,-1.8,30,1.2,7.6,0,0,0,0,0,1018,0
4/2/2026 7:00,4/2/2026 7:15,4/2/2026 7:00,0,-0.6,91,-2,95,1.5,2.2,0,0,0,0,0,1017.9,0
4/2/2026 7:15,4/2/2026 7:30,4/2/2026 7:00,1,-0.6,91,-2,95,1.5,2.2,0,0,0,0,0,1017.9,0
4/2/2026 7:30,4/2/2026 7:45,4/2/2026 7:00,2,-0.6,91,-2,95,1.5,2.2,0,0,0,0,0,1017.9,0
4/2/2026 7:45,4/2/2026 8:00,4/2/2026 7:00,3,-0.6,91,-2,95,1.5,2.2,0,0,0,0,0,1017.9,0
4/2/2026 8:00,4/2/2026 8:15,4/2/2026 8:00,0,1,87,-0.9,71,3.7,7.6,0,0,0,48,15,1018,33
4/2/2026 8:15,4/2/2026 8:30,4/2/2026 8:00,1,1,87,-0.9,71,3.7,7.6,0,0,0,48,15,1018,33
4/2/2026 8:30,4/2/2026 8:45,4/2/2026 8:00,2,1,87,-0.9,71,3.7,7.6,0,0,0,48,15,1018,33
4/2/2026 8:45,4/2/2026 9:00,4/2/2026 8:00,3,1,87,-0.9,71,3.7,7.6,0,0,0,48,15,1018,33
4/2/2026 9:00,4/2/2026 9:15,4/2/2026 9:00,0,2.3,82,-0.4,95,1.3,7.6,0,0,0,140,32,1018.1,108
4/2/2026 9:15,4/2/2026 9:30,4/2/2026 9:00,1,2.3,82,-0.4,95,1.3,7.6,0,0,0,140,32,1018.1,108
4/2/2026 9:30,4/2/2026 9:45,4/2/2026 9:00,2,2.3,82,-0.4,95,1.3,7.6,0,0,0,140,32,1018.1,108
4/2/2026 9:45,4/2/2026 10:00,4/2/2026 9:00,3,2.3,82,-0.4,95,1.3,7.6,0,0,0,140,32,1018.1,108
4/2/2026 10:00,4/2/2026 10:15,4/2/2026 10:00,0,3.9,76,0,98,2.3,11.2,0,0,0,257,120,1018.1,137
4/2/2026 10:15,4/2/2026 10:30,4/2/2026 10:00,1,3.9,76,0,98,2.3,11.2,0,0,0,257,120,1018.1,137
4/2/2026 10:30,4/2/2026 10:45,4/2/2026 10:00,2,3.9,76,0,98,2.3,11.2,0,0,0,257,120,1018.1,137
4/2/2026 10:45,4/2/2026 11:00,4/2/2026 10:00,3,3.9,76,0,98,2.3,11.2,0,0,0,257,120,1018.1,137
4/2/2026 11:00,4/2/2026 11:15,4/2/2026 11:00,0,5.3,69,0.1,81,2.3,12.6,0,0,0,351,142,1017.8,209
4/2/2026 11:15,4/2/2026 11:30,4/2/2026 11:00,1,5.3,69,0.1,81,2.3,12.6,0,0,0,351,142,1017.8,209
4/2/2026 11:30,4/2/2026 11:45,4/2/2026 11:00,2,5.3,69,0.1,81,2.3,12.6,0,0,0,351,142,1017.8,209
4/2/2026 11:45,4/2/2026 12:00,4/2/2026 11:00,3,5.3,69,0.1,81,2.3,12.6,0,0,0,351,142,1017.8,209
4/2/2026 12:00,4/2/2026 12:15,4/2/2026 12:00,0,6.6,62,-0.2,100,3.2,15.1,0,0,0,484,235,1017.7,249
4/2/2026 12:15,4/2/2026 12:30,4/2/2026 12:00,1,6.6,62,-0.2,100,3.2,15.1,0,0,0,484,235,1017.7,249
4/2/2026 12:30,4/2/2026 12:45,4/2/2026 12:00,2,6.6,62,-0.2,100,3.2,15.1,0,0,0,484,235,1017.7,249
4/2/2026 12:45,4/2/2026 13:00,4/2/2026 12:00,3,6.6,62,-0.2,100,3.2,15.1,0,0,0,484,235,1017.7,249
4/2/2026 13:00,4/2/2026 13:15,4/2/2026 13:00,0,6.9,59,-0.5,99,5.4,18,0,0,0,372,76,1017.3,296
4/2/2026 13:15,4/2/2026 13:30,4/2/2026 13:00,1,6.9,59,-0.5,99,5.4,18,0,0,0,372,76,1017.3,296
4/2/2026 13:30,4/2/2026 13:45,4/2/2026 13:00,2,6.9,59,-0.5,99,5.4,18,0,0,0,372,76,1017.3,296
4/2/2026 13:45,4/2/2026 14:00,4/2/2026 13:00,3,6.9,59,-0.5,99,5.4,18,0,0,0,372,76,1017.3,296
4/2/2026 14:00,4/2/2026 14:15,4/2/2026 14:00,0,6.6,61,-0.6,100,3.7,18.4,0,0,0,318,39,1017,279
4/2/2026 14:15,4/2/2026 14:30,4/2/2026 14:00,1,6.6,61,-0.6,100,3.7,18.4,0,0,0,318,39,1017,279
4/2/2026 14:30,4/2/2026 14:45,4/2/2026 14:00,2,6.6,61,-0.6,100,3.7,18.4,0,0,0,318,39,1017,279
4/2/2026 14:45,4/2/2026 15:00,4/2/2026 14:00,3,6.6,61,-0.6,100,3.7,18.4,0,0,0,318,39,1017,279
4/2/2026 15:00,4/2/2026 15:15,4/2/2026 15:00,0,7.3,58,-0.4,97,3.1,13.3,0,0,0,266,25,1016.5,241
4/2/2026 15:15,4/2/2026 15:30,4/2/2026 15:00,1,7.3,58,-0.4,97,3.1,13.3,0,0,0,266,25,1016.5,241
4/2/2026 15:30,4/2/2026 15:45,4/2/2026 15:00,2,7.3,58,-0.4,97,3.1,13.3,0,0,0,266,25,1016.5,241
4/2/2026 15:45,4/2/2026 16:00,4/2/2026 15:00,3,7.3,58,-0.4,97,3.1,13.3,0,0,0,266,25,1016.5,241
4/2/2026 16:00,4/2/2026 16:15,4/2/2026 16:00,0,8,57,-0.1,98,3.6,13.7,0,0,0,305,74,1016.1,231
4/2/2026 16:15,4/2/2026 16:30,4/2/2026 16:00,1,8,57,-0.1,98,3.6,13.7,0,0,0,305,74,1016.1,231
4/2/2026 16:30,4/2/2026 16:45,4/2/2026 16:00,2,8,57,-0.1,98,3.6,13.7,0,0,0,305,74,1016.1,231
4/2/2026 16:45,4/2/2026 17:00,4/2/2026 16:00,3,8,57,-0.1,98,3.6,13.7,0,0,0,305,74,1016.1,231
4/2/2026 17:00,4/2/2026 17:15,4/2/2026 17:00,0,7.9,58,0.2,100,5.2,14.8,0,0,0,191,25,1015.9,166
4/2/2026 17:15,4/2/2026 17:30,4/2/2026 17:00,1,7.9,58,0.2,100,5.2,14.8,0,0,0,191,25,1015.9,166
4/2/2026 17:30,4/2/2026 17:45,4/2/2026 17:00,2,7.9,58,0.2,100,5.2,14.8,0,0,0,191,25,1015.9,166
4/2/2026 17:45,4/2/2026 18:00,4/2/2026 17:00,3,7.9,58,0.2,100,5.2,14.8,0,0,0,191,25,1015.9,166
4/2/2026 18:00,4/2/2026 18:15,4/2/2026 18:00,0,7.5,60,0.2,84,6.6,16.2,0,0,0,126,25,1016.1,101
4/2/2026 18:15,4/2/2026 18:30,4/2/2026 18:00,1,7.5,60,0.2,84,6.6,16.2,0,0,0,126,25,1016.1,101
4/2/2026 18:30,4/2/2026 18:45,4/2/2026 18:00,2,7.5,60,0.2,84,6.6,16.2,0,0,0,126,25,1016.1,101
4/2/2026 18:45,4/2/2026 19:00,4/2/2026 18:00,3,7.5,60,0.2,84,6.6,16.2,0,0,0,126,25,1016.1,101
4/2/2026 19:00,4/2/2026 19:15,4/2/2026 19:00,0,7.1,65,0.9,99,4,15.8,0,0,0,75,11,1016.3,64
4/2/2026 19:15,4/2/2026 19:30,4/2/2026 19:00,1,7.1,65,0.9,99,4,15.8,0,0,0,75,11,1016.3,64
4/2/2026 19:30,4/2/2026 19:45,4/2/2026 19:00,2,7.1,65,0.9,99,4,15.8,0,0,0,75,11,1016.3,64
4/2/2026 19:45,4/2/2026 20:00,4/2/2026 19:00,3,7.1,65,0.9,99,4,15.8,0,0,0,75,11,1016.3,64
4/2/2026 20:00,4/2/2026 20:15,4/2/2026 20:00,0,6.2,68,0.9,100,8.7,13.7,0,0,0,12,1,1016.8,11
4/2/2026 20:15,4/2/2026 20:30,4/2/2026 20:00,1,6.2,68,0.9,100,8.7,13.7,0,0,0,12,1,1016.8,11
4/2/2026 20:30,4/2/2026 20:45,4/2/2026 20:00,2,6.2,68,0.9,100,8.7,13.7,0,0,0,12,1,1016.8,11
4/2/2026 20:45,4/2/2026 21:00,4/2/2026 20:00,3,6.2,68,0.9,100,8.7,13.7,0,0,0,12,1,1016.8,11
4/2/2026 21:00,4/2/2026 21:15,4/2/2026 21:00,0,6,67,0.4,100,9.6,20.2,0,0,0,0,0,1017.4,0
4/2/2026 21:15,4/2/2026 21:30,4/2/2026 21:00,1,6,67,0.4,100,9.6,20.2,0,0,0,0,0,1017.4,0
4/2/2026 21:30,4/2/2026 21:45,4/2/2026 21:00,2,6,67,0.4,100,9.6,20.2,0,0,0,0,0,1017.4,0
4/2/2026 21:45,4/2/2026 22:00,4/2/2026 21:00,3,6,67,0.4,100,9.6,20.2,0,0,0,0,0,1017.4,0
4/2/2026 22:00,4/2/2026 22:15,4/2/2026 22:00,0,5.8,68,0.3,100,10,20.2,0,0,0,0,0,1017.7,0
4/2/2026 22:15,4/2/2026 22:30,4/2/2026 22:00,1,5.8,68,0.3,100,10,20.2,0,0,0,0,0,1017.7,0
4/2/2026 22:30,4/2/2026 22:45,4/2/2026 22:00,2,5.8,68,0.3,100,10,20.2,0,0,0,0,0,1017.7,0
4/2/2026 22:45,4/2/2026 23:00,4/2/2026 22:00,3,5.8,68,0.3,100,10,20.2,0,0,0,0,0,1017.7,0
4/2/2026 23:00,4/2/2026 23:15,4/2/2026 23:00,0,5.6,70,0.6,100,10.2,21.2,0,0,0,0,0,1018,0
4/2/2026 23:15,4/2/2026 23:30,4/2/2026 23:00,1,5.6,70,0.6,100,10.2,21.2,0,0,0,0,0,1018,0
4/2/2026 23:30,4/2/2026 23:45,4/2/2026 23:00,2,5.6,70,0.6,100,10.2,21.2,0,0,0,0,0,1018,0
4/2/2026 23:45,4/3/2026 0:00,4/2/2026 23:00,3,5.6,70,0.6,100,10.2,21.2,0,0,0,0,0,1018,0
4/3/2026 0:00,4/3/2026 0:15,4/3/2026 0:00,0,4.6,76,0.6,87,10.2,20.9,0,0,0,0,0,1017.9,0
4/3/2026 0:15,4/3/2026 0:30,4/3/2026 0:00,1,4.6,76,0.6,87,10.2,20.9,0,0,0,0,0,1017.9,0
4/3/2026 0:30,4/3/2026 0:45,4/3/2026 0:00,2,4.6,76,0.6,87,10.2,20.9,0,0,0,0,0,1017.9,0
4/3/2026 0:45,4/3/2026 1:00,4/3/2026 0:00,3,4.6,76,0.6,87,10.2,20.9,0,0,0,0,0,1017.9,0
4/3/2026 1:00,4/3/2026 1:15,4/3/2026 1:00,0,3.8,78,0.3,12,10.6,20.9,0,0,0,0,0,1018.2,0
4/3/2026 1:15,4/3/2026 1:30,4/3/2026 1:00,1,3.8,78,0.3,12,10.6,20.9,0,0,0,0,0,1018.2,0
4/3/2026 1:30,4/3/2026 1:45,4/3/2026 1:00,2,3.8,78,0.3,12,10.6,20.9,0,0,0,0,0,1018.2,0
4/3/2026 1:45,4/3/2026 2:00,4/3/2026 1:00,3,3.8,78,0.3,12,10.6,20.9,0,0,0,0,0,1018.2,0
4/3/2026 2:00,4/3/2026 2:15,4/3/2026 2:00,0,3.7,76,-0.2,16,11,21.6,0,0,0,0,0,1018.4,0
4/3/2026 2:15,4/3/2026 2:30,4/3/2026 2:00,1,3.7,76,-0.2,16,11,21.6,0,0,0,0,0,1018.4,0
4/3/2026 2:30,4/3/2026 2:45,4/3/2026 2:00,2,3.7,76,-0.2,16,11,21.6,0,0,0,0,0,1018.4,0
4/3/2026 2:45,4/3/2026 3:00,4/3/2026 2:00,3,3.7,76,-0.2,16,11,21.6,0,0,0,0,0,1018.4,0
4/3/2026 3:00,4/3/2026 3:15,4/3/2026 3:00,0,3,78,-0.5,2,10.7,21.2,0,0,0,0,0,1018.4,0
4/3/2026 3:15,4/3/2026 3:30,4/3/2026 3:00,1,3,78,-0.5,2,10.7,21.2,0,0,0,0,0,1018.4,0
4/3/2026 3:30,4/3/2026 3:45,4/3/2026 3:00,2,3,78,-0.5,2,10.7,21.2,0,0,0,0,0,1018.4,0
4/3/2026 3:45,4/3/2026 4:00,4/3/2026 3:00,3,3,78,-0.5,2,10.7,21.2,0,0,0,0,0,1018.4,0
4/3/2026 4:00,4/3/2026 4:15,4/3/2026 4:00,0,2.8,78,-0.7,2,10.8,20.9,0,0,0,0,0,1018.6,0
4/3/2026 4:15,4/3/2026 4:30,4/3/2026 4:00,1,2.8,78,-0.7,2,10.8,20.9,0,0,0,0,0,1018.6,0
4/3/2026 4:30,4/3/2026 4:45,4/3/2026 4:00,2,2.8,78,-0.7,2,10.8,20.9,0,0,0,0,0,1018.6,0
4/3/2026 4:45,4/3/2026 5:00,4/3/2026 4:00,3,2.8,78,-0.7,2,10.8,20.9,0,0,0,0,0,1018.6,0
4/3/2026 5:00,4/3/2026 5:15,4/3/2026 5:00,0,2.6,78,-0.8,3,10.1,20.9,0,0,0,0,0,1018.7,0
4/3/2026 5:15,4/3/2026 5:30,4/3/2026 5:00,1,2.6,78,-0.8,3,10.1,20.9,0,0,0,0,0,1018.7,0
4/3/2026 5:30,4/3/2026 5:45,4/3/2026 5:00,2,2.6,78,-0.8,3,10.1,20.9,0,0,0,0,0,1018.7,0
4/3/2026 5:45,4/3/2026 6:00,4/3/2026 5:00,3,2.6,78,-0.8,3,10.1,20.9,0,0,0,0,0,1018.7,0
4/3/2026 6:00,4/3/2026 6:15,4/3/2026 6:00,0,2.2,79,-0.9,0,9.4,19.4,0,0,0,0,0,1019,0
4/3/2026 6:15,4/3/2026 6:30,4/3/2026 6:00,1,2.2,79,-0.9,0,9.4,19.4,0,0,0,0,0,1019,0
4/3/2026 6:30,4/3/2026 6:45,4/3/2026 6:00,2,2.2,79,-0.9,0,9.4,19.4,0,0,0,0,0,1019,0
4/3/2026 6:45,4/3/2026 7:00,4/3/2026 6:00,3,2.2,79,-0.9,0,9.4,19.4,0,0,0,0,0,1019,0
4/3/2026 7:00,4/3/2026 7:15,4/3/2026 7:00,0,2,80,-1.1,0,9.8,19.1,0,0,0,0,0,1019.2,0
4/3/2026 7:15,4/3/2026 7:30,4/3/2026 7:00,1,2,80,-1.1,0,9.8,19.1,0,0,0,0,0,1019.2,0
4/3/2026 7:30,4/3/2026 7:45,4/3/2026 7:00,2,2,80,-1.1,0,9.8,19.1,0,0,0,0,0,1019.2,0
4/3/2026 7:45,4/3/2026 8:00,4/3/2026 7:00,3,2,80,-1.1,0,9.8,19.1,0,0,0,0,0,1019.2,0
4/3/2026 8:00,4/3/2026 8:15,4/3/2026 8:00,0,2.8,78,-0.6,0,10.1,21.2,0,0,0,66,37,1020.2,29
4/3/2026 8:15,4/3/2026 8:30,4/3/2026 8:00,1,2.8,78,-0.6,0,10.1,21.2,0,0,0,66,37,1020.2,29
4/3/2026 8:30,4/3/2026 8:45,4/3/2026 8:00,2,2.8,78,-0.6,0,10.1,21.2,0,0,0,66,37,1020.2,29
4/3/2026 8:45,4/3/2026 9:00,4/3/2026 8:00,3,2.8,78,-0.6,0,10.1,21.2,0,0,0,66,37,1020.2,29
4/3/2026 9:00,4/3/2026 9:15,4/3/2026 9:00,0,5.3,73,0.8,0,8.5,20.2,0,0,0,228,165,1020.3,63
4/3/2026 9:15,4/3/2026 9:30,4/3/2026 9:00,1,5.3,73,0.8,0,8.5,20.2,0,0,0,228,165,1020.3,63
4/3/2026 9:30,4/3/2026 9:45,4/3/2026 9:00,2,5.3,73,0.8,0,8.5,20.2,0,0,0,228,165,1020.3,63
4/3/2026 9:45,4/3/2026 10:00,4/3/2026 9:00,3,5.3,73,0.8,0,8.5,20.2,0,0,0,228,165,1020.3,63
4/3/2026 10:00,4/3/2026 10:15,4/3/2026 10:00,0,7.8,61,0.8,2,8.4,22,0,0,0,410,334,1020.2,76
4/3/2026 10:15,4/3/2026 10:30,4/3/2026 10:00,1,7.8,61,0.8,2,8.4,22,0,0,0,410,334,1020.2,76
4/3/2026 10:30,4/3/2026 10:45,4/3/2026 10:00,2,7.8,61,0.8,2,8.4,22,0,0,0,410,334,1020.2,76
4/3/2026 10:45,4/3/2026 11:00,4/3/2026 10:00,3,7.8,61,0.8,2,8.4,22,0,0,0,410,334,1020.2,76
4/3/2026 11:00,4/3/2026 11:15,4/3/2026 11:00,0,9.4,52,0,2,7.5,22.7,0,0,0,561,472,1020.1,89
4/3/2026 11:15,4/3/2026 11:30,4/3/2026 11:00,1,9.4,52,0,2,7.5,22.7,0,0,0,561,472,1020.1,89
4/3/2026 11:30,4/3/2026 11:45,4/3/2026 11:00,2,9.4,52,0,2,7.5,22.7,0,0,0,561,472,1020.1,89
4/3/2026 11:45,4/3/2026 12:00,4/3/2026 11:00,3,9.4,52,0,2,7.5,22.7,0,0,0,561,472,1020.1,89
4/3/2026 12:00,4/3/2026 12:15,4/3/2026 12:00,0,10.8,46,-0.3,55,7.3,22,0,0,0,667,558,1019.5,109
4/3/2026 12:15,4/3/2026 12:30,4/3/2026 12:00,1,10.8,46,-0.3,55,7.3,22,0,0,0,667,558,1019.5,109
4/3/2026 12:30,4/3/2026 12:45,4/3/2026 12:00,2,10.8,46,-0.3,55,7.3,22,0,0,0,667,558,1019.5,109
4/3/2026 12:45,4/3/2026 13:00,4/3/2026 12:00,3,10.8,46,-0.3,55,7.3,22,0,0,0,667,558,1019.5,109
4/3/2026 13:00,4/3/2026 13:15,4/3/2026 13:00,0,11.4,44,-0.4,98,9.1,25.6,0,0,0,665,503,1018.9,162
4/3/2026 13:15,4/3/2026 13:30,4/3/2026 13:00,1,11.4,44,-0.4,98,9.1,25.6,0,0,0,665,503,1018.9,162
4/3/2026 13:30,4/3/2026 13:45,4/3/2026 13:00,2,11.4,44,-0.4,98,9.1,25.6,0,0,0,665,503,1018.9,162
4/3/2026 13:45,4/3/2026 14:00,4/3/2026 13:00,3,11.4,44,-0.4,98,9.1,25.6,0,0,0,665,503,1018.9,162
4/3/2026 14:00,4/3/2026 14:15,4/3/2026 14:00,0,11.6,41,-1.1,96,10.2,29.9,0,0,0,465,177,1019.1,288
4/3/2026 14:15,4/3/2026 14:30,4/3/2026 14:00,1,11.6,41,-1.1,96,10.2,29.9,0,0,0,465,177,1019.1,288
4/3/2026 14:30,4/3/2026 14:45,4/3/2026 14:00,2,11.6,41,-1.1,96,10.2,29.9,0,0,0,465,177,1019.1,288
4/3/2026 14:45,4/3/2026 15:00,4/3/2026 14:00,3,11.6,41,-1.1,96,10.2,29.9,0,0,0,465,177,1019.1,288
4/3/2026 15:00,4/3/2026 15:15,4/3/2026 15:00,0,11.8,42,-0.7,84,11.5,28.8,0,0,0,476,180,1018.7,296
4/3/2026 15:15,4/3/2026 15:30,4/3/2026 15:00,1,11.8,42,-0.7,84,11.5,28.8,0,0,0,476,180,1018.7,296
4/3/2026 15:30,4/3/2026 15:45,4/3/2026 15:00,2,11.8,42,-0.7,84,11.5,28.8,0,0,0,476,180,1018.7,296
4/3/2026 15:45,4/3/2026 16:00,4/3/2026 15:00,3,11.8,42,-0.7,84,11.5,28.8,0,0,0,476,180,1018.7,296
4/3/2026 16:00,4/3/2026 16:15,4/3/2026 16:00,0,11.9,42,-0.6,63,13,31.3,0,0,0,432,210,1018.3,222
4/3/2026 16:15,4/3/2026 16:30,4/3/2026 16:00,1,11.9,42,-0.6,63,13,31.3,0,0,0,432,210,1018.3,222
4/3/2026 16:30,4/3/2026 16:45,4/3/2026 16:00,2,11.9,42,-0.6,63,13,31.3,0,0,0,432,210,1018.3,222
4/3/2026 16:45,4/3/2026 17:00,4/3/2026 16:00,3,11.9,42,-0.6,63,13,31.3,0,0,0,432,210,1018.3,222
4/3/2026 17:00,4/3/2026 17:15,4/3/2026 17:00,0,11.6,44,-0.4,48,13.2,31.7,0,0,0,334,166,1018.2,168
4/3/2026 17:15,4/3/2026 17:30,4/3/2026 17:00,1,11.6,44,-0.4,48,13.2,31.7,0,0,0,334,166,1018.2,168
4/3/2026 17:30,4/3/2026 17:45,4/3/2026 17:00,2,11.6,44,-0.4,48,13.2,31.7,0,0,0,334,166,1018.2,168
4/3/2026 17:45,4/3/2026 18:00,4/3/2026 17:00,3,11.6,44,-0.4,48,13.2,31.7,0,0,0,334,166,1018.2,168
4/3/2026 18:00,4/3/2026 18:15,4/3/2026 18:00,0,11.4,44,-0.3,89,11.9,33.8,0,0,0,223,71,1018.1,152
4/3/2026 18:15,4/3/2026 18:30,4/3/2026 18:00,1,11.4,44,-0.3,89,11.9,33.8,0,0,0,223,71,1018.1,152
4/3/2026 18:30,4/3/2026 18:45,4/3/2026 18:00,2,11.4,44,-0.3,89,11.9,33.8,0,0,0,223,71,1018.1,152
4/3/2026 18:45,4/3/2026 19:00,4/3/2026 18:00,3,11.4,44,-0.3,89,11.9,33.8,0,0,0,223,71,1018.1,152
4/3/2026 19:00,4/3/2026 19:15,4/3/2026 19:00,0,10.5,51,0.9,94,10.9,26.3,0,0,0,112,40,1018.4,72
4/3/2026 19:15,4/3/2026 19:30,4/3/2026 19:00,1,10.5,51,0.9,94,10.9,26.3,0,0,0,112,40,1018.4,72
4/3/2026 19:30,4/3/2026 19:45,4/3/2026 19:00,2,10.5,51,0.9,94,10.9,26.3,0,0,0,112,40,1018.4,72
4/3/2026 19:45,4/3/2026 20:00,4/3/2026 19:00,3,10.5,51,0.9,94,10.9,26.3,0,0,0,112,40,1018.4,72
4/3/2026 20:00,4/3/2026 20:15,4/3/2026 20:00,0,9.2,57,1.1,87,13.4,27.7,0,0,0,19,5,1018.7,14
4/3/2026 20:15,4/3/2026 20:30,4/3/2026 20:00,1,9.2,57,1.1,87,13.4,27.7,0,0,0,19,5,1018.7,14
4/3/2026 20:30,4/3/2026 20:45,4/3/2026 20:00,2,9.2,57,1.1,87,13.4,27.7,0,0,0,19,5,1018.7,14
4/3/2026 20:45,4/3/2026 21:00,4/3/2026 20:00,3,9.2,57,1.1,87,13.4,27.7,0,0,0,19,5,1018.7,14
4/3/2026 21:00,4/3/2026 21:15,4/3/2026 21:00,0,8.6,60,1.2,60,12.2,26.6,0,0,0,0,0,1019.3,0
4/3/2026 21:15,4/3/2026 21:30,4/3/2026 21:00,1,8.6,60,1.2,60,12.2,26.6,0,0,0,0,0,1019.3,0
4/3/2026 21:30,4/3/2026 21:45,4/3/2026 21:00,2,8.6,60,1.2,60,12.2,26.6,0,0,0,0,0,1019.3,0
4/3/2026 21:45,4/3/2026 22:00,4/3/2026 21:00,3,8.6,60,1.2,60,12.2,26.6,0,0,0,0,0,1019.3,0
4/3/2026 22:00,4/3/2026 22:15,4/3/2026 22:00,0,8.1,62,1.1,95,13.9,28.4,0,0,0,0,0,1019.7,0
4/3/2026 22:15,4/3/2026 22:30,4/3/2026 22:00,1,8.1,62,1.1,95,13.9,28.4,0,0,0,0,0,1019.7,0
4/3/2026 22:30,4/3/2026 22:45,4/3/2026 22:00,2,8.1,62,1.1,95,13.9,28.4,0,0,0,0,0,1019.7,0
4/3/2026 22:45,4/3/2026 23:00,4/3/2026 22:00,3,8.1,62,1.1,95,13.9,28.4,0,0,0,0,0,1019.7,0
4/3/2026 23:00,4/3/2026 23:15,4/3/2026 23:00,0,8.2,61,1.2,100,13.5,29.2,0,0,0,0,0,1020.4,0
4/3/2026 23:15,4/3/2026 23:30,4/3/2026 23:00,1,8.2,61,1.2,100,13.5,29.2,0,0,0,0,0,1020.4,0
4/3/2026 23:30,4/3/2026 23:45,4/3/2026 23:00,2,8.2,61,1.2,100,13.5,29.2,0,0,0,0,0,1020.4,0
4/3/2026 23:45,4/4/2026 0:00,4/3/2026 23:00,3,8.2,61,1.2,100,13.5,29.2,0,0,0,0,0,1020.4,0
4/4/2026 0:00,4/4/2026 0:15,4/4/2026 0:00,0,8.2,62,1.3,100,12.6,28.1,0,0,0,0,0,1020.7,0
4/4/2026 0:15,4/4/2026 0:30,4/4/2026 0:00,1,8.2,62,1.3,100,12.6,28.1,0,0,0,0,0,1020.7,0
4/4/2026 0:30,4/4/2026 0:45,4/4/2026 0:00,2,8.2,62,1.3,100,12.6,28.1,0,0,0,0,0,1020.7,0
4/4/2026 0:45,4/4/2026 1:00,4/4/2026 0:00,3,8.2,62,1.3,100,12.6,28.1,0,0,0,0,0,1020.7,0
4/4/2026 1:00,4/4/2026 1:15,4/4/2026 1:00,0,8.1,62,1.2,100,13.7,28.4,0,0,0,0,0,1021.1,0
4/4/2026 1:15,4/4/2026 1:30,4/4/2026 1:00,1,8.1,62,1.2,100,13.7,28.4,0,0,0,0,0,1021.1,0
4/4/2026 1:30,4/4/2026 1:45,4/4/2026 1:00,2,8.1,62,1.2,100,13.7,28.4,0,0,0,0,0,1021.1,0
4/4/2026 1:45,4/4/2026 2:00,4/4/2026 1:00,3,8.1,62,1.2,100,13.7,28.4,0,0,0,0,0,1021.1,0
4/4/2026 2:00,4/4/2026 2:15,4/4/2026 2:00,0,9,62,2,100,14.9,31.7,0,0,0,0,0,1020.8,0
4/4/2026 2:15,4/4/2026 2:30,4/4/2026 2:00,1,9,62,2,100,14.9,31.7,0,0,0,0,0,1020.8,0
4/4/2026 2:30,4/4/2026 2:45,4/4/2026 2:00,2,9,62,2,100,14.9,31.7,0,0,0,0,0,1020.8,0
4/4/2026 2:45,4/4/2026 3:00,4/4/2026 2:00,3,9,62,2,100,14.9,31.7,0,0,0,0,0,1020.8,0
4/4/2026 3:00,4/4/2026 3:15,4/4/2026 3:00,0,9,60,1.8,100,16.5,35.3,0,0,0,0,0,1020.7,0
4/4/2026 3:15,4/4/2026 3:30,4/4/2026 3:00,1,9,60,1.8,100,16.5,35.3,0,0,0,0,0,1020.7,0
4/4/2026 3:30,4/4/2026 3:45,4/4/2026 3:00,2,9,60,1.8,100,16.5,35.3,0,0,0,0,0,1020.7,0
4/4/2026 3:45,4/4/2026 4:00,4/4/2026 3:00,3,9,60,1.8,100,16.5,35.3,0,0,0,0,0,1020.7,0
4/4/2026 4:00,4/4/2026 4:15,4/4/2026 4:00,0,8.7,60,1.3,100,16.1,35.3,0,0,0,0,0,1020.9,0
4/4/2026 4:15,4/4/2026 4:30,4/4/2026 4:00,1,8.7,60,1.3,100,16.1,35.3,0,0,0,0,0,1020.9,0
4/4/2026 4:30,4/4/2026 4:45,4/4/2026 4:00,2,8.7,60,1.3,100,16.1,35.3,0,0,0,0,0,1020.9,0
4/4/2026 4:45,4/4/2026 5:00,4/4/2026 4:00,3,8.7,60,1.3,100,16.1,35.3,0,0,0,0,0,1020.9,0
4/4/2026 5:00,4/4/2026 5:15,4/4/2026 5:00,0,8.8,60,1.3,100,16.5,35.3,0,0,0,0,0,1021.1,0
4/4/2026 5:15,4/4/2026 5:30,4/4/2026 5:00,1,8.8,60,1.3,100,16.5,35.3,0,0,0,0,0,1021.1,0
4/4/2026 5:30,4/4/2026 5:45,4/4/2026 5:00,2,8.8,60,1.3,100,16.5,35.3,0,0,0,0,0,1021.1,0
4/4/2026 5:45,4/4/2026 6:00,4/4/2026 5:00,3,8.8,60,1.3,100,16.5,35.3,0,0,0,0,0,1021.1,0
4/4/2026 6:00,4/4/2026 6:15,4/4/2026 6:00,0,8.6,64,2.2,100,17.3,37.4,0,0,0,0,0,1021.4,0
4/4/2026 6:15,4/4/2026 6:30,4/4/2026 6:00,1,8.6,64,2.2,100,17.3,37.4,0,0,0,0,0,1021.4,0
4/4/2026 6:30,4/4/2026 6:45,4/4/2026 6:00,2,8.6,64,2.2,100,17.3,37.4,0,0,0,0,0,1021.4,0
4/4/2026 6:45,4/4/2026 7:00,4/4/2026 6:00,3,8.6,64,2.2,100,17.3,37.4,0,0,0,0,0,1021.4,0
4/4/2026 7:00,4/4/2026 7:15,4/4/2026 7:00,0,8.3,70,3.2,100,18.3,38.9,0.1,0,0.1,0,0,1021.7,0
4/4/2026 7:15,4/4/2026 7:30,4/4/2026 7:00,1,8.3,70,3.2,100,18.3,38.9,0.1,0,0.1,0,0,1021.7,0
4/4/2026 7:30,4/4/2026 7:45,4/4/2026 7:00,2,8.3,70,3.2,100,18.3,38.9,0.1,0,0.1,0,0,1021.7,0
4/4/2026 7:45,4/4/2026 8:00,4/4/2026 7:00,3,8.3,70,3.2,100,18.3,38.9,0.1,0,0.1,0,0,1021.7,0
4/4/2026 8:00,4/4/2026 8:15,4/4/2026 8:00,0,7.2,85,4.8,100,19.3,39.6,0.4,0,0.4,11,0,1022.7,11
4/4/2026 8:15,4/4/2026 8:30,4/4/2026 8:00,1,7.2,85,4.8,100,19.3,39.6,0.4,0,0.4,11,0,1022.7,11
4/4/2026 8:30,4/4/2026 8:45,4/4/2026 8:00,2,7.2,85,4.8,100,19.3,39.6,0.4,0,0.4,11,0,1022.7,11
4/4/2026 8:45,4/4/2026 9:00,4/4/2026 8:00,3,7.2,85,4.8,100,19.3,39.6,0.4,0,0.4,11,0,1022.7,11
4/4/2026 9:00,4/4/2026 9:15,4/4/2026 9:00,0,7.4,86,5.3,100,19.6,40.7,0.3,0,0.3,41,0,1023.3,41
4/4/2026 9:15,4/4/2026 9:30,4/4/2026 9:00,1,7.4,86,5.3,100,19.6,40.7,0.3,0,0.3,41,0,1023.3,41
4/4/2026 9:30,4/4/2026 9:45,4/4/2026 9:00,2,7.4,86,5.3,100,19.6,40.7,0.3,0,0.3,41,0,1023.3,41
4/4/2026 9:45,4/4/2026 10:00,4/4/2026 9:00,3,7.4,86,5.3,100,19.6,40.7,0.3,0,0.3,41,0,1023.3,41
4/4/2026 10:00,4/4/2026 10:15,4/4/2026 10:00,0,8.9,83,6.1,100,17.9,40.3,0,0,0,167,27,1023.7,140
4/4/2026 10:15,4/4/2026 10:30,4/4/2026 10:00,1,8.9,83,6.1,100,17.9,40.3,0,0,0,167,27,1023.7,140
4/4/2026 10:30,4/4/2026 10:45,4/4/2026 10:00,2,8.9,83,6.1,100,17.9,40.3,0,0,0,167,27,1023.7,140
4/4/2026 10:45,4/4/2026 11:00,4/4/2026 10:00,3,8.9,83,6.1,100,17.9,40.3,0,0,0,167,27,1023.7,140
4/4/2026 11:00,4/4/2026 11:15,4/4/2026 11:00,0,9.8,77,5.9,100,16.1,37.4,0,0,0,167,8,1024,159
4/4/2026 11:15,4/4/2026 11:30,4/4/2026 11:00,1,9.8,77,5.9,100,16.1,37.4,0,0,0,167,8,1024,159
4/4/2026 11:30,4/4/2026 11:45,4/4/2026 11:00,2,9.8,77,5.9,100,16.1,37.4,0,0,0,167,8,1024,159
4/4/2026 11:45,4/4/2026 12:00,4/4/2026 11:00,3,9.8,77,5.9,100,16.1,37.4,0,0,0,167,8,1024,159
4/4/2026 12:00,4/4/2026 12:15,4/4/2026 12:00,0,10.8,71,5.7,100,17.1,38.9,0,0,0,222,17,1024.1,205
4/4/2026 12:15,4/4/2026 12:30,4/4/2026 12:00,1,10.8,71,5.7,100,17.1,38.9,0,0,0,222,17,1024.1,205
4/4/2026 12:30,4/4/2026 12:45,4/4/2026 12:00,2,10.8,71,5.7,100,17.1,38.9,0,0,0,222,17,1024.1,205
4/4/2026 12:45,4/4/2026 13:00,4/4/2026 12:00,3,10.8,71,5.7,100,17.1,38.9,0,0,0,222,17,1024.1,205
4/4/2026 13:00,4/4/2026 13:15,4/4/2026 13:00,0,11.6,67,5.8,100,16.5,39.6,0,0,0,248,21,1023.7,227
4/4/2026 13:15,4/4/2026 13:30,4/4/2026 13:00,1,11.6,67,5.8,100,16.5,39.6,0,0,0,248,21,1023.7,227
4/4/2026 13:30,4/4/2026 13:45,4/4/2026 13:00,2,11.6,67,5.8,100,16.5,39.6,0,0,0,248,21,1023.7,227
4/4/2026 13:45,4/4/2026 14:00,4/4/2026 13:00,3,11.6,67,5.8,100,16.5,39.6,0,0,0,248,21,1023.7,227
4/4/2026 14:00,4/4/2026 14:15,4/4/2026 14:00,0,12.2,67,6.2,96,20.2,44.3,0,0,0,323,56,1023.6,267
4/4/2026 14:15,4/4/2026 14:30,4/4/2026 14:00,1,12.2,67,6.2,96,20.2,44.3,0,0,0,323,56,1023.6,267
4/4/2026 14:30,4/4/2026 14:45,4/4/2026 14:00,2,12.2,67,6.2,96,20.2,44.3,0,0,0,323,56,1023.6,267
4/4/2026 14:45,4/4/2026 15:00,4/4/2026 14:00,3,12.2,67,6.2,96,20.2,44.3,0,0,0,323,56,1023.6,267
4/4/2026 15:00,4/4/2026 15:15,4/4/2026 15:00,0,12.4,66,6.3,86,18.7,44.6,0,0,0,279,33,1023.6,246
4/4/2026 15:15,4/4/2026 15:30,4/4/2026 15:00,1,12.4,66,6.3,86,18.7,44.6,0,0,0,279,33,1023.6,246
4/4/2026 15:30,4/4/2026 15:45,4/4/2026 15:00,2,12.4,66,6.3,86,18.7,44.6,0,0,0,279,33,1023.6,246
4/4/2026 15:45,4/4/2026 16:00,4/4/2026 15:00,3,12.4,66,6.3,86,18.7,44.6,0,0,0,279,33,1023.6,246
4/4/2026 16:00,4/4/2026 16:15,4/4/2026 16:00,0,13.2,64,6.7,100,18.2,43.9,0,0,0,315,83,1023.2,232
4/4/2026 16:15,4/4/2026 16:30,4/4/2026 16:00,1,13.2,64,6.7,100,18.2,43.9,0,0,0,315,83,1023.2,232
4/4/2026 16:30,4/4/2026 16:45,4/4/2026 16:00,2,13.2,64,6.7,100,18.2,43.9,0,0,0,315,83,1023.2,232
4/4/2026 16:45,4/4/2026 17:00,4/4/2026 16:00,3,13.2,64,6.7,100,18.2,43.9,0,0,0,315,83,1023.2,232
4/4/2026 17:00,4/4/2026 17:15,4/4/2026 17:00,0,13,69,7.5,100,14.1,41,0.1,0,0.1,234,100,1023.3,134
4/4/2026 17:15,4/4/2026 17:30,4/4/2026 17:00,1,13,69,7.5,100,14.1,41,0.1,0,0.1,234,100,1023.3,134
4/4/2026 17:30,4/4/2026 17:45,4/4/2026 17:00,2,13,69,7.5,100,14.1,41,0.1,0,0.1,234,100,1023.3,134
4/4/2026 17:45,4/4/2026 18:00,4/4/2026 17:00,3,13,69,7.5,100,14.1,41,0.1,0,0.1,234,100,1023.3,134
4/4/2026 18:00,4/4/2026 18:15,4/4/2026 18:00,0,12.6,73,7.8,100,10.8,31.7,0,0,0,102,13,1023.2,89
4/4/2026 18:15,4/4/2026 18:30,4/4/2026 18:00,1,12.6,73,7.8,100,10.8,31.7,0,0,0,102,13,1023.2,89
4/4/2026 18:30,4/4/2026 18:45,4/4/2026 18:00,2,12.6,73,7.8,100,10.8,31.7,0,0,0,102,13,1023.2,89
4/4/2026 18:45,4/4/2026 19:00,4/4/2026 18:00,3,12.6,73,7.8,100,10.8,31.7,0,0,0,102,13,1023.2,89
4/4/2026 19:00,4/4/2026 19:15,4/4/2026 19:00,0,12.2,74,7.7,100,9,23.4,0,0,0,80,27,1023.2,53
4/4/2026 19:15,4/4/2026 19:30,4/4/2026 19:00,1,12.2,74,7.7,100,9,23.4,0,0,0,80,27,1023.2,53
4/4/2026 19:30,4/4/2026 19:45,4/4/2026 19:00,2,12.2,74,7.7,100,9,23.4,0,0,0,80,27,1023.2,53
4/4/2026 19:45,4/4/2026 20:00,4/4/2026 19:00,3,12.2,74,7.7,100,9,23.4,0,0,0,80,27,1023.2,53
4/4/2026 20:00,4/4/2026 20:15,4/4/2026 20:00,0,11.5,78,7.8,100,6.3,19.1,0,0,0,15,4,1023.7,11
4/4/2026 20:15,4/4/2026 20:30,4/4/2026 20:00,1,11.5,78,7.8,100,6.3,19.1,0,0,0,15,4,1023.7,11
4/4/2026 20:30,4/4/2026 20:45,4/4/2026 20:00,2,11.5,78,7.8,100,6.3,19.1,0,0,0,15,4,1023.7,11
4/4/2026 20:45,4/4/2026 21:00,4/4/2026 20:00,3,11.5,78,7.8,100,6.3,19.1,0,0,0,15,4,1023.7,11
4/4/2026 21:00,4/4/2026 21:15,4/4/2026 21:00,0,10.9,81,7.7,26,6.8,13,0,0,0,0,0,1023.9,0
4/4/2026 21:15,4/4/2026 21:30,4/4/2026 21:00,1,10.9,81,7.7,26,6.8,13,0,0,0,0,0,1023.9,0
4/4/2026 21:30,4/4/2026 21:45,4/4/2026 21:00,2,10.9,81,7.7,26,6.8,13,0,0,0,0,0,1023.9,0
4/4/2026 21:45,4/4/2026 22:00,4/4/2026 21:00,3,10.9,81,7.7,26,6.8,13,0,0,0,0,0,1023.9,0
4/4/2026 22:00,4/4/2026 22:15,4/4/2026 22:00,0,10.2,82,7.4,19,7.7,14.8,0,0,0,0,0,1023.8,0
4/4/2026 22:15,4/4/2026 22:30,4/4/2026 22:00,1,10.2,82,7.4,19,7.7,14.8,0,0,0,0,0,1023.8,0
4/4/2026 22:30,4/4/2026 22:45,4/4/2026 22:00,2,10.2,82,7.4,19,7.7,14.8,0,0,0,0,0,1023.8,0
4/4/2026 22:45,4/4/2026 23:00,4/4/2026 22:00,3,10.2,82,7.4,19,7.7,14.8,0,0,0,0,0,1023.8,0
4/4/2026 23:00,4/4/2026 23:15,4/4/2026 23:00,0,9.1,86,6.8,11,9.7,18.4,0,0,0,0,0,1023.6,0
4/4/2026 23:15,4/4/2026 23:30,4/4/2026 23:00,1,9.1,86,6.8,11,9.7,18.4,0,0,0,0,0,1023.6,0
4/4/2026 23:30,4/4/2026 23:45,4/4/2026 23:00,2,9.1,86,6.8,11,9.7,18.4,0,0,0,0,0,1023.6,0
4/4/2026 23:45,4/5/2026 0:00,4/4/2026 23:00,3,9.1,86,6.8,11,9.7,18.4,0,0,0,0,0,1023.6,0
4/5/2026 0:00,4/5/2026 0:15,4/5/2026 0:00,0,8.4,86,6.2,23,10.9,20.9,0,0,0,0,0,1023.2,0
4/5/2026 0:15,4/5/2026 0:30,4/5/2026 0:00,1,8.4,86,6.2,23,10.9,20.9,0,0,0,0,0,1023.2,0
4/5/2026 0:30,4/5/2026 0:45,4/5/2026 0:00,2,8.4,86,6.2,23,10.9,20.9,0,0,0,0,0,1023.2,0
4/5/2026 0:45,4/5/2026 1:00,4/5/2026 0:00,3,8.4,86,6.2,23,10.9,20.9,0,0,0,0,0,1023.2,0
4/5/2026 1:00,4/5/2026 1:15,4/5/2026 1:00,0,8.3,85,5.8,7,10.3,21.2,0,0,0,0,0,1022.7,0
4/5/2026 1:15,4/5/2026 1:30,4/5/2026 1:00,1,8.3,85,5.8,7,10.3,21.2,0,0,0,0,0,1022.7,0
4/5/2026 1:30,4/5/2026 1:45,4/5/2026 1:00,2,8.3,85,5.8,7,10.3,21.2,0,0,0,0,0,1022.7,0
4/5/2026 1:45,4/5/2026 2:00,4/5/2026 1:00,3,8.3,85,5.8,7,10.3,21.2,0,0,0,0,0,1022.7,0
4/5/2026 2:00,4/5/2026 2:15,4/5/2026 2:00,0,8.5,82,5.6,25,10.3,20.2,0,0,0,0,0,1022.5,0
4/5/2026 2:15,4/5/2026 2:30,4/5/2026 2:00,1,8.5,82,5.6,25,10.3,20.2,0,0,0,0,0,1022.5,0
4/5/2026 2:30,4/5/2026 2:45,4/5/2026 2:00,2,8.5,82,5.6,25,10.3,20.2,0,0,0,0,0,1022.5,0
4/5/2026 2:45,4/5/2026 3:00,4/5/2026 2:00,3,8.5,82,5.6,25,10.3,20.2,0,0,0,0,0,1022.5,0
4/5/2026 3:00,4/5/2026 3:15,4/5/2026 3:00,0,8.1,82,5.3,41,9.2,19.8,0,0,0,0,0,1021.9,0
4/5/2026 3:15,4/5/2026 3:30,4/5/2026 3:00,1,8.1,82,5.3,41,9.2,19.8,0,0,0,0,0,1021.9,0
4/5/2026 3:30,4/5/2026 3:45,4/5/2026 3:00,2,8.1,82,5.3,41,9.2,19.8,0,0,0,0,0,1021.9,0
4/5/2026 3:45,4/5/2026 4:00,4/5/2026 3:00,3,8.1,82,5.3,41,9.2,19.8,0,0,0,0,0,1021.9,0
4/5/2026 4:00,4/5/2026 4:15,4/5/2026 4:00,0,7.3,84,4.8,38,9.3,18,0,0,0,0,0,1021.2,0
4/5/2026 4:15,4/5/2026 4:30,4/5/2026 4:00,1,7.3,84,4.8,38,9.3,18,0,0,0,0,0,1021.2,0
4/5/2026 4:30,4/5/2026 4:45,4/5/2026 4:00,2,7.3,84,4.8,38,9.3,18,0,0,0,0,0,1021.2,0
4/5/2026 4:45,4/5/2026 5:00,4/5/2026 4:00,3,7.3,84,4.8,38,9.3,18,0,0,0,0,0,1021.2,0
4/5/2026 5:00,4/5/2026 5:15,4/5/2026 5:00,0,6.6,84,4.1,24,9.6,18.4,0,0,0,0,0,1020.9,0
4/5/2026 5:15,4/5/2026 5:30,4/5/2026 5:00,1,6.6,84,4.1,24,9.6,18.4,0,0,0,0,0,1020.9,0
4/5/2026 5:30,4/5/2026 5:45,4/5/2026 5:00,2,6.6,84,4.1,24,9.6,18.4,0,0,0,0,0,1020.9,0
4/5/2026 5:45,4/5/2026 6:00,4/5/2026 5:00,3,6.6,84,4.1,24,9.6,18.4,0,0,0,0,0,1020.9,0
4/5/2026 6:00,4/5/2026 6:15,4/5/2026 6:00,0,5.8,83,3.2,5,10.3,19.8,0,0,0,0,0,1020.4,0
4/5/2026 6:15,4/5/2026 6:30,4/5/2026 6:00,1,5.8,83,3.2,5,10.3,19.8,0,0,0,0,0,1020.4,0
4/5/2026 6:30,4/5/2026 6:45,4/5/2026 6:00,2,5.8,83,3.2,5,10.3,19.8,0,0,0,0,0,1020.4,0
4/5/2026 6:45,4/5/2026 7:00,4/5/2026 6:00,3,5.8,83,3.2,5,10.3,19.8,0,0,0,0,0,1020.4,0
4/5/2026 7:00,4/5/2026 7:15,4/5/2026 7:00,0,5.4,81,2.5,3,10.9,21.6,0,0,0,1,0,1019.9,1
4/5/2026 7:15,4/5/2026 7:30,4/5/2026 7:00,1,5.4,81,2.5,3,10.9,21.6,0,0,0,1,0,1019.9,1
4/5/2026 7:30,4/5/2026 7:45,4/5/2026 7:00,2,5.4,81,2.5,3,10.9,21.6,0,0,0,1,0,1019.9,1
4/5/2026 7:45,4/5/2026 8:00,4/5/2026 7:00,3,5.4,81,2.5,3,10.9,21.6,0,0,0,1,0,1019.9,1
4/5/2026 8:00,4/5/2026 8:15,4/5/2026 8:00,0,7.8,68,2.4,46,12.5,22.3,0,0,0,74,42,1020.5,32
4/5/2026 8:15,4/5/2026 8:30,4/5/2026 8:00,1,7.8,68,2.4,46,12.5,22.3,0,0,0,74,42,1020.5,32
4/5/2026 8:30,4/5/2026 8:45,4/5/2026 8:00,2,7.8,68,2.4,46,12.5,22.3,0,0,0,74,42,1020.5,32
4/5/2026 8:45,4/5/2026 9:00,4/5/2026 8:00,3,7.8,68,2.4,46,12.5,22.3,0,0,0,74,42,1020.5,32
4/5/2026 9:00,4/5/2026 9:15,4/5/2026 9:00,0,10.6,65,4.2,82,11.9,25.6,0,0,0,235,170,1020.7,65
4/5/2026 9:15,4/5/2026 9:30,4/5/2026 9:00,1,10.6,65,4.2,82,11.9,25.6,0,0,0,235,170,1020.7,65
4/5/2026 9:30,4/5/2026 9:45,4/5/2026 9:00,2,10.6,65,4.2,82,11.9,25.6,0,0,0,235,170,1020.7,65
4/5/2026 9:45,4/5/2026 10:00,4/5/2026 9:00,3,10.6,65,4.2,82,11.9,25.6,0,0,0,235,170,1020.7,65
4/5/2026 10:00,4/5/2026 10:15,4/5/2026 10:00,0,13.8,61,6.2,77,7.6,21.6,0,0,0,400,306,1020.8,94
4/5/2026 10:15,4/5/2026 10:30,4/5/2026 10:00,1,13.8,61,6.2,77,7.6,21.6,0,0,0,400,306,1020.8,94
4/5/2026 10:30,4/5/2026 10:45,4/5/2026 10:00,2,13.8,61,6.2,77,7.6,21.6,0,0,0,400,306,1020.8,94
4/5/2026 10:45,4/5/2026 11:00,4/5/2026 10:00,3,13.8,61,6.2,77,7.6,21.6,0,0,0,400,306,1020.8,94
4/5/2026 11:00,4/5/2026 11:15,4/5/2026 11:00,0,16.9,50,6.4,51,9.7,23.8,0,0,0,552,449,1020.8,103
4/5/2026 11:15,4/5/2026 11:30,4/5/2026 11:00,1,16.9,50,6.4,51,9.7,23.8,0,0,0,552,449,1020.8,103
4/5/2026 11:30,4/5/2026 11:45,4/5/2026 11:00,2,16.9,50,6.4,51,9.7,23.8,0,0,0,552,449,1020.8,103
4/5/2026 11:45,4/5/2026 12:00,4/5/2026 11:00,3,16.9,50,6.4,51,9.7,23.8,0,0,0,552,449,1020.8,103
4/5/2026 12:00,4/5/2026 12:15,4/5/2026 12:00,0,19.2,42,5.9,15,15.3,34.9,0,0,0,670,568,1020.2,102
4/5/2026 12:15,4/5/2026 12:30,4/5/2026 12:00,1,19.2,42,5.9,15,15.3,34.9,0,0,0,670,568,1020.2,102
4/5/2026 12:30,4/5/2026 12:45,4/5/2026 12:00,2,19.2,42,5.9,15,15.3,34.9,0,0,0,670,568,1020.2,102
4/5/2026 12:45,4/5/2026 13:00,4/5/2026 12:00,3,19.2,42,5.9,15,15.3,34.9,0,0,0,670,568,1020.2,102
4/5/2026 13:00,4/5/2026 13:15,4/5/2026 13:00,0,20.5,37,5.2,0,20.5,46.8,0,0,0,736,630,1019.9,106
4/5/2026 13:15,4/5/2026 13:30,4/5/2026 13:00,1,20.5,37,5.2,0,20.5,46.8,0,0,0,736,630,1019.9,106
4/5/2026 13:30,4/5/2026 13:45,4/5/2026 13:00,2,20.5,37,5.2,0,20.5,46.8,0,0,0,736,630,1019.9,106
4/5/2026 13:45,4/5/2026 14:00,4/5/2026 13:00,3,20.5,37,5.2,0,20.5,46.8,0,0,0,736,630,1019.9,106
4/5/2026 14:00,4/5/2026 14:15,4/5/2026 14:00,0,21.5,36,5.7,42,21.7,51.1,0,0,0,753,651,1019.3,102
4/5/2026 14:15,4/5/2026 14:30,4/5/2026 14:00,1,21.5,36,5.7,42,21.7,51.1,0,0,0,753,651,1019.3,102
4/5/2026 14:30,4/5/2026 14:45,4/5/2026 14:00,2,21.5,36,5.7,42,21.7,51.1,0,0,0,753,651,1019.3,102
4/5/2026 14:45,4/5/2026 15:00,4/5/2026 14:00,3,21.5,36,5.7,42,21.7,51.1,0,0,0,753,651,1019.3,102
4/5/2026 15:00,4/5/2026 15:15,4/5/2026 15:00,0,21.3,35,5.3,48,22.2,55.4,0,0,0,666,528,1018.9,138
4/5/2026 15:15,4/5/2026 15:30,4/5/2026 15:00,1,21.3,35,5.3,48,22.2,55.4,0,0,0,666,528,1018.9,138
4/5/2026 15:30,4/5/2026 15:45,4/5/2026 15:00,2,21.3,35,5.3,48,22.2,55.4,0,0,0,666,528,1018.9,138
4/5/2026 15:45,4/5/2026 16:00,4/5/2026 15:00,3,21.3,35,5.3,48,22.2,55.4,0,0,0,666,528,1018.9,138
4/5/2026 16:00,4/5/2026 16:15,4/5/2026 16:00,0,21.1,35,5.1,98,22.7,51.1,0,0,0,592,475,1018.5,117
4/5/2026 16:15,4/5/2026 16:30,4/5/2026 16:00,1,21.1,35,5.1,98,22.7,51.1,0,0,0,592,475,1018.5,117
4/5/2026 16:30,4/5/2026 16:45,4/5/2026 16:00,2,21.1,35,5.1,98,22.7,51.1,0,0,0,592,475,1018.5,117
4/5/2026 16:45,4/5/2026 17:00,4/5/2026 16:00,3,21.1,35,5.1,98,22.7,51.1,0,0,0,592,475,1018.5,117
4/5/2026 17:00,4/5/2026 17:15,4/5/2026 17:00,0,20.4,40,6.3,99,24.1,55.1,0.1,0,0.1,473,345,1018.8,128
4/5/2026 17:15,4/5/2026 17:30,4/5/2026 17:00,1,20.4,40,6.3,99,24.1,55.1,0.1,0,0.1,473,345,1018.8,128
4/5/2026 17:30,4/5/2026 17:45,4/5/2026 17:00,2,20.4,40,6.3,99,24.1,55.1,0.1,0,0.1,473,345,1018.8,128
4/5/2026 17:45,4/5/2026 18:00,4/5/2026 17:00,3,20.4,40,6.3,99,24.1,55.1,0.1,0,0.1,473,345,1018.8,128
4/5/2026 18:00,4/5/2026 18:15,4/5/2026 18:00,0,18.7,50,7.9,93,18.4,53.6,0,0,0,254,111,1019.2,143
4/5/2026 18:15,4/5/2026 18:30,4/5/2026 18:00,1,18.7,50,7.9,93,18.4,53.6,0,0,0,254,111,1019.2,143
4/5/2026 18:30,4/5/2026 18:45,4/5/2026 18:00,2,18.7,50,7.9,93,18.4,53.6,0,0,0,254,111,1019.2,143
4/5/2026 18:45,4/5/2026 19:00,4/5/2026 18:00,3,18.7,50,7.9,93,18.4,53.6,0,0,0,254,111,1019.2,143
4/5/2026 19:00,4/5/2026 19:15,4/5/2026 19:00,0,17.5,53,7.9,92,16.9,40.7,0,0,0,136,62,1019.5,74
4/5/2026 19:15,4/5/2026 19:30,4/5/2026 19:00,1,17.5,53,7.9,92,16.9,40.7,0,0,0,136,62,1019.5,74
4/5/2026 19:30,4/5/2026 19:45,4/5/2026 19:00,2,17.5,53,7.9,92,16.9,40.7,0,0,0,136,62,1019.5,74
4/5/2026 19:45,4/5/2026 20:00,4/5/2026 19:00,3,17.5,53,7.9,92,16.9,40.7,0,0,0,136,62,1019.5,74
4/5/2026 20:00,4/5/2026 20:15,4/5/2026 20:00,0,15.3,59,7.3,100,17.8,36,0,0,0,21,4,1020.1,17
4/5/2026 20:15,4/5/2026 20:30,4/5/2026 20:00,1,15.3,59,7.3,100,17.8,36,0,0,0,21,4,1020.1,17
4/5/2026 20:30,4/5/2026 20:45,4/5/2026 20:00,2,15.3,59,7.3,100,17.8,36,0,0,0,21,4,1020.1,17
4/5/2026 20:45,4/5/2026 21:00,4/5/2026 20:00,3,15.3,59,7.3,100,17.8,36,0,0,0,21,4,1020.1,17
4/5/2026 21:00,4/5/2026 21:15,4/5/2026 21:00,0,15.1,60,7.4,100,13.4,36,0,0,0,0,0,1020.5,0
4/5/2026 21:15,4/5/2026 21:30,4/5/2026 21:00,1,15.1,60,7.4,100,13.4,36,0,0,0,0,0,1020.5,0
4/5/2026 21:30,4/5/2026 21:45,4/5/2026 21:00,2,15.1,60,7.4,100,13.4,36,0,0,0,0,0,1020.5,0
4/5/2026 21:45,4/5/2026 22:00,4/5/2026 21:00,3,15.1,60,7.4,100,13.4,36,0,0,0,0,0,1020.5,0
4/5/2026 22:00,4/5/2026 22:15,4/5/2026 22:00,0,14.2,63,7.2,99,12.9,28.8,0,0,0,0,0,1021.3,0
4/5/2026 22:15,4/5/2026 22:30,4/5/2026 22:00,1,14.2,63,7.2,99,12.9,28.8,0,0,0,0,0,1021.3,0
4/5/2026 22:30,4/5/2026 22:45,4/5/2026 22:00,2,14.2,63,7.2,99,12.9,28.8,0,0,0,0,0,1021.3,0
4/5/2026 22:45,4/5/2026 23:00,4/5/2026 22:00,3,14.2,63,7.2,99,12.9,28.8,0,0,0,0,0,1021.3,0
4/5/2026 23:00,4/5/2026 23:15,4/5/2026 23:00,0,13.1,64,6.6,92,12.6,25.9,0,0,0,0,0,1022.2,0
4/5/2026 23:15,4/5/2026 23:30,4/5/2026 23:00,1,13.1,64,6.6,92,12.6,25.9,0,0,0,0,0,1022.2,0
4/5/2026 23:30,4/5/2026 23:45,4/5/2026 23:00,2,13.1,64,6.6,92,12.6,25.9,0,0,0,0,0,1022.2,0
4/5/2026 23:45,4/6/2026 0:00,4/5/2026 23:00,3,13.1,64,6.6,92,12.6,25.9,0,0,0,0,0,1022.2,0
